product_id,last_inserted_date,shop_id,product_name,product_image,currency,status,product_category_id,product_flag,product_cb_option,product_current_status,product_price,product_price_before_discount,product_discount,tier_variations,tier_variations_type,tier_variations_count,product_type,is_on_flash_sale,shopee_verified,product_stock,product_avg_rating,total_rating_count,rating_count_details,rating_count_with_context,rating_count_with_image,product_url,first_live_date,last_live_date,number_of_live_days,times_sold_out,max_product_price,min_product_price,max_product_discount,min_product_discount,days_on_flash_sale,all_time_sold,last_7_days_sold,all_time_like,last_7_days_like,all_time_view,last_7_days_view,all_time_comment,last_7_days_comment,all_time_rating,last_7_days_rating,last_updated_date
1622955655,2021-09-24,65589552,"[Mã ELSAMSEP giảm 5% đơn 500K] Máy hút bụi Samsung VC18M2120SB/SV (Xanh)",865833ee75cb765b01f58dd06077f58b,VND,1,100010,268500994,0,normal,17,20,15,,,1,0,0,0,44,4.9,1503,"1503, 12, 6, 11, 73, 1401",714,483,https://shopee.vn/[Mã-ELSAMSEP-giảm-5%-đơn-500K]-Máy-hút-bụi-Samsung-VC18M2120SB/SV-(Xanh)-i.65589552.1622955655,2021-08-16,2021-09-24,39,0,1990000,999000,50,0,0,3889,16,6048,-13,34977,9616,1503,7,1503,7,2021-09-25
1641696189,2021-09-23,65589552,"[Mã ELSAMSEP giảm 5% đơn 500K] Lò Vi Sóng Tráng Men Có Nướng Samsung MG23K3515AS/SV(23 lít)",b7b34c93ad4ac03b131442063b91e6b8,VND,1,100010,268500994,0,normal,22,30,27,,,1,0,0,0,10,4.9,345,"345, 4, 3, 7, 12, 319",163,119,https://shopee.vn/[Mã-ELSAMSEP-giảm-5%-đơn-500K]-Lò-Vi-Sóng-Tráng-Men-Có-Nướng-Samsung-MG23K3515AS/SV(23-lít)-i.65589552.1641696189,2021-08-16,2021-09-23,23,0,2999000,1990000,34,0,0,796,0,1071,0,12539,0,345,0,345,0,2021-09-25
2103555064,2021-09-24,65589552,"[Mã ELSAMSEP giảm 5% đơn 500K] Máy Hút Bụi Samsung VC18M3110VB/SV (2 lít)",abcb5bfaebb8c75733c2a8260fdc1dfb,VND,1,100010,268500994,0,normal,16,23,31,,,1,0,0,0,12,4.9,518,"518, 1, 0, 5, 16, 496",245,168,https://shopee.vn/[Mã-ELSAMSEP-giảm-5%-đơn-500K]-Máy-Hút-Bụi-Samsung-VC18M3110VB/SV-(2-lít)-i.65589552.2103555064,2021-08-19,2021-09-24,27,0,2290000,1390000,39,0,0,1145,0,821,1,5763,574,519,0,518,0,2021-09-25
2110972003,2021-09-24,65589552,"[Mã ELSAMSEP giảm 5% đơn 500K] Lò vi sóng Samsung MS23K3513AS 23L 800W",3ba5e055946818a63e5faf9f940745bc,VND,1,100010,269025282,0,normal,15,30,50,,,1,0,0,0,31,4.9,1861,"1861, 14, 6, 19, 58, 1764",822,599,https://shopee.vn/[Mã-ELSAMSEP-giảm-5%-đơn-500K]-Lò-vi-sóng-Samsung-MS23K3513AS-23L-800W-i.65589552.2110972003,2021-08-16,2021-09-24,40,0,3000000,1490000,50,0,0,4687,2,3319,40,34468,3116,1862,1,1862,1,2021-09-25
2111835161,2021-09-24,65589552,"[Mã ELSAMHOT giảm 5% đơn 3TR] Màn hình cong Samsung LC27F397FHEXXV 27inch - Hàng chính hãng",a03c109935636ece60edc2d09f935b59,VND,1,100644,269025282,0,normal,50,57,12,,,1,0,0,0,4,4.8,164,"164, 4, 1, 1, 5, 153",73,59,https://shopee.vn/[Mã-ELSAMHOT-giảm-5%-đơn-3TR]-Màn-hình-cong-Samsung-LC27F397FHEXXV-27inch---Hàng-chính-hãng-i.65589552.2111835161,2021-08-16,2021-09-24,40,0,4990000,4020000,29,12,0,353,1,1125,11,15382,1731,164,1,164,1,2021-09-25
2121052372,2021-09-24,53452181,"Máy Lọc Không Khí Xiaomi Mi Air Purifier Pro",911778718c3e3ac6c5b04e10e3e49e45,VND,1,100010,268959744,0,normal,49,0,0,,,1,0,0,0,1,4.7,139,"139, 7, 0, 3, 5, 124",60,45,https://shopee.vn/Máy-Lọc-Không-Khí-Xiaomi-Mi-Air-Purifier-Pro-i.53452181.2121052372,2021-08-16,2021-09-24,34,0,4890000,3590000,27,0,0,386,0,649,-2,3249,505,139,0,139,0,2021-09-25
2632230916,2021-09-24,65589552,"[Mã ELSAMHOT giảm 5% đơn 3TR] Điện thoại Samsung Galaxy Note 10+ 256GB",e0e8898d08434f4f9b685481e1583646,VND,1,100013,269025282,0,normal,160,270,41,"Aura Glow, Aura Black","Màu sắc",2,0,0,0,957,4.9,161,"161, 2, 1, 3, 4, 151",79,63,https://shopee.vn/[Mã-ELSAMHOT-giảm-5%-đơn-3TR]-Điện-thoại-Samsung-Galaxy-Note-10+-256GB-i.65589552.2632230916,2021-08-16,2021-09-24,40,0,26990000,13450000,50,0,1,448,51,1076,81,105227,16400,161,19,161,19,2021-09-25
2662648731,2021-09-24,65589552,"[Mã ELSAMSEP giảm 5% đơn 500K] Lò vi sóng có nướng Samsung MG23K3575AS/SV 23 lít",1d39f35792d58671283f0da66546a6d5,VND,1,100010,269025282,0,normal,25,33,23,,,1,0,0,0,1,4.9,418,"418, 4, 3, 8, 21, 382",198,137,https://shopee.vn/[Mã-ELSAMSEP-giảm-5%-đơn-500K]-Lò-vi-sóng-có-nướng-Samsung-MG23K3575AS/SV-23-lít-i.65589552.2662648731,2021-09-01,2021-09-24,20,0,3250000,2090000,36,0,0,958,0,915,1,2808,645,418,0,418,0,2021-09-25
2955229876,2021-09-24,53452181,"[Mã 229ELSALE hoàn 7% xu đơn 300K] Bộ Phát Wifi Xiaomi - Mi Router 4A - Trắng - Hàng Chính Hãng",75b533511b7722832359413dd0a6167f,VND,1,100013,268435458,0,normal,4,5,17,,,1,0,0,0,57,4.5,2,"2, 0, 0, 0, 1, 1",1,0,https://shopee.vn/[Mã-229ELSALE-hoàn-7%-xu-đơn-300K]-Bộ-Phát-Wifi-Xiaomi---Mi-Router-4A---Trắng---Hàng-Chính-Hãng-i.53452181.2955229876,2021-09-01,2021-09-24,24,0,409000,299000,39,17,0,2,0,19,2,2243,492,2,0,2,0,2021-09-25
2963437093,2021-09-01,53452181,"BƠM CẦM TAY ĐA NĂNG XE HƠI MI PORTABLE ELECTRIC AIR COMPRESSOR - HÀNG CHÍNH HÃNG",a6d339ff12a2b6b7bd776d931121577a,VND,1,100640,268435458,0,normal,11,0,0,,,1,0,0,0,12,0,0,"0, 0, 0, 0, 0, 0",0,0,https://shopee.vn/BƠM-CẦM-TAY-ĐA-NĂNG-XE-HƠI-MI-PORTABLE-ELECTRIC-AIR-COMPRESSOR---HÀNG-CHÍNH-HÃNG-i.53452181.2963437093,2021-08-16,2021-09-01,17,0,1090000,839000,23,0,0,7,0,27,0,1848,0,0,0,0,0,2021-09-25
2963464221,2021-09-01,53452181,"Sạc Không Dây (Wireless Charger) Mi 20W Wireless Charging Stand / Black (Đen - GDS4145GL)",34f106f0b16a7ac50dab37bc2e5b1157,VND,1,100013,268435458,0,normal,5,0,0,,,1,0,0,0,1,5,3,"3, 0, 0, 0, 0, 3",2,1,https://shopee.vn/Sạc-Không-Dây-(Wireless-Charger)-Mi-20W-Wireless-Charging-Stand-/-Black-(Đen---GDS4145GL)-i.53452181.2963464221,2021-08-16,2021-09-01,17,0,490000,419000,14,0,0,12,0,53,0,3847,0,3,0,3,0,2021-09-25
2966232582,2021-09-24,65589552,"[Mã ELSAMHOT giảm 5% đơn 3TR] Màn Hình Thông Minh Samsung LS27AM501NEXXV 27 inch - Hàng chính hãng",b9e86c1c6ff1eb3466a62b8a19ae7dd3,VND,1,100644,269025280,0,normal,67,77,12,,,1,0,0,0,2,0,0,"0, 0, 0, 0, 0, 0",0,0,https://shopee.vn/[Mã-ELSAMHOT-giảm-5%-đơn-3TR]-Màn-Hình-Thông-Minh-Samsung-LS27AM501NEXXV-27-inch---Hàng-chính-hãng-i.65589552.2966232582,2021-08-16,2021-09-24,40,0,6990000,6559000,14,9,1,1,0,94,3,4412,237,0,0,0,0,2021-09-25
3032617730,2021-09-24,65589552,"[Mã ELSAMHOT giảm 5% đơn 3TR] Smart Tivi Samsung Crystal UHD 4K 43 inch UA43AU8000KXXV - Miễn Phí Lắp Đặt",41fbe8a286c32a36a332e7ea8a90bd6a,VND,1,100010,269025282,0,normal,123,154,20,,,1,0,0,0,26,5,8,"8, 0, 0, 0, 0, 8",5,5,https://shopee.vn/[Mã-ELSAMHOT-giảm-5%-đơn-3TR]-Smart-Tivi-Samsung-Crystal-UHD-4K-43-inch-UA43AU8000KXXV---Miễn-Phí-Lắp-Đặt-i.65589552.3032617730,2021-08-16,2021-09-24,40,0,13690000,11999000,22,11,2,20,1,134,4,11099,638,8,0,8,0,2021-09-25
3088243395,2021-09-22,65589552,"Điện Thoại Samsung Galaxy Z Fold3 5G 512GB",e7d0d4cc94a2f0f496c2347ed1f2bbad,VND,1,100013,268959744,0,normal,450,0,0,"Đen Phantom, Bạc Phantom, Xanh Phantom",Name,3,0,0,0,4,0,0,"0, 0, 0, 0, 0, 0",0,0,https://shopee.vn/Điện-Thoại-Samsung-Galaxy-Z-Fold3-5G-512GB-i.65589552.3088243395,2021-08-22,2021-09-22,32,0,44990000,44990000,0,0,0,0,0,70,3,10889,1901,0,0,0,0,2021-09-25
3167174994,2021-09-24,88201679,"[Mã ELAP1TR giảm 5% đơn 3TR] Apple Watch SE 44mm GPS Sport Band",2b9e53607bf8351e49e0f9718cfe0e91,VND,1,100013,268959746,0,normal,72,100,28,"Sliver Aluminum, Space Gray Aluminum, Gold Aluminum",Color,3,0,0,0,31,4.9,215,"215, 2, 2, 2, 3, 206",120,103,https://shopee.vn/[Mã-ELAP1TR-giảm-5%-đơn-3TR]-Apple-Watch-SE-44mm-GPS-Sport-Band-i.88201679.3167174994,2021-08-16,2021-09-24,40,0,7390000,7090000,29,26,0,433,32,1601,16,36376,1521,215,20,215,20,2021-09-25
3318114252,2021-09-24,65589552,"[Mã ELSAMHOT giảm 5% đơn 3TR] Smart Tivi Samsung 43 Inch Full HD UA43T6000AKXXV - Miễn phí lắp đặt",62117a91300da314696de39ad960fd66,VND,1,100010,269025282,0,normal,87,104,16,,,1,0,0,0,1,4.9,88,"88, 1, 1, 0, 3, 83",31,25,https://shopee.vn/[Mã-ELSAMHOT-giảm-5%-đơn-3TR]-Smart-Tivi-Samsung-43-Inch-Full-HD-UA43T6000AKXXV---Miễn-phí-lắp-đặt-i.65589552.3318114252,2021-08-16,2021-09-24,40,0,9100000,8288000,20,13,0,257,0,638,7,7415,850,88,0,88,0,2021-09-25
3355877166,2021-09-24,88201679,"[Mã ELAP300K giảm 5% đơn 500K] Apple Magic Mouse 2 Multi-Touch",65839ad53060d658482f23c57197ebe2,VND,1,100644,268435458,0,normal,21,30,30,"Silver, Space Grey","Màu sắc",2,0,0,0,167,4.9,135,"135, 1, 0, 3, 6, 125",78,74,https://shopee.vn/[Mã-ELAP300K-giảm-5%-đơn-500K]-Apple-Magic-Mouse-2-Multi-Touch-i.88201679.3355877166,2021-08-16,2021-09-24,40,0,2090000,1702000,43,30,0,304,51,574,38,30588,3984,135,23,135,23,2021-09-25
3400182282,2021-09-23,88201679,"[Mã ELAP1TR giảm 5% đơn 3TR] Apple iPhone 11 128GB",e891e6f900bf8b1760a343231e31f726,VND,1,100013,268959746,0,normal,230,0,0,"Yellow, Purple, Green, Black, Red, White","Màu sắc",6,0,0,0,4,4.8,362,"362, 8, 5, 5, 7, 337",168,138,https://shopee.vn/[Mã-ELAP1TR-giảm-5%-đơn-3TR]-Apple-iPhone-11-128GB-i.88201679.3400182282,2021-08-16,2021-09-23,33,0,22990000,14590000,37,0,0,1034,87,3188,52,135946,7937,362,33,362,33,2021-09-25
3477433810,2021-09-24,53452181,"Pin sạc dự phòng Xiaomi 20000mAh 3 Pro/Đen (Black) (VXN4254GL)",5851e1f02ba0e27a8ce7cccd8fe5bac6,VND,1,100013,268435458,0,normal,10,0,0,,,1,0,0,0,1,4.8,20,"20, 1, 0, 0, 0, 19",10,6,https://shopee.vn/Pin-sạc-dự-phòng-Xiaomi-20000mAh-3-Pro/Đen-(Black)-(VXN4254GL)-i.53452181.3477433810,2021-09-14,2021-09-24,11,0,999000,999000,0,0,0,51,0,94,1,664,372,20,0,20,0,2021-09-25
3516435008,2021-09-19,53452181,"Máy lọc không khí Xiaomi 3H EUFJY4031GL - Chính hãng",0d5630bd65230c541969f8d80e773645,VND,1,100010,268959746,0,normal,28,40,30,,,1,0,0,0,1,4.7,64,"64, 3, 0, 2, 5, 54",34,26,https://shopee.vn/Máy-lọc-không-khí-Xiaomi-3H-EUFJY4031GL---Chính-hãng-i.53452181.3516435008,2021-08-16,2021-09-19,29,0,3999000,2790000,30,0,1,197,0,441,2,1753,27,65,0,64,0,2021-09-25
3568416045,2021-09-24,230954155,"VinFast - Xe máy điện Klara S Xanh",61a350026e621df4c4bda5f9a08d0163,VND,1,100641,0,0,normal,399,0,0,"Chưa gồm Pin, Đã gồm 1 Pin, Đã gồm 2 Pin","Sản phẩm",3,0,0,0,599,4.8,5,"5, 0, 0, 0, 1, 4",2,1,https://shopee.vn/VinFast---Xe-máy-điện-Klara-S-Xanh-i.230954155.3568416045,2021-08-16,2021-09-24,40,0,39900000,39900000,0,0,0,7,0,27,-1,2180,550,5,0,5,0,2021-09-25
3585554141,2021-09-24,65589552,"[Mã ELSAMHOT giảm 5% đơn 3TR] Smart Tivi Samsung Crystal UHD 4K 50 inch UA50AU8000KXXV - Miễn Phí Lắp Đặt",6537a4b0804e9b4db9bc39ffc80b8583,VND,1,100010,269025282,0,normal,154,189,19,,,1,0,0,0,3,5,3,"3, 0, 0, 0, 0, 3",3,3,https://shopee.vn/[Mã-ELSAMHOT-giảm-5%-đơn-3TR]-Smart-Tivi-Samsung-Crystal-UHD-4K-50-inch-UA50AU8000KXXV---Miễn-Phí-Lắp-Đặt-i.65589552.3585554141,2021-08-16,2021-09-24,40,0,15698000,14688000,22,17,0,10,0,78,4,3727,717,4,0,3,0,2021-09-25
3656279961,2021-09-24,65589552,"[Mã ELSAMHOT giảm 5% đơn 3TR] Smart Tivi Samsung Crystal UHD 4K 55 inch UA55TU6900KXXV - Model 2020 - Miễn phí lắp đặt",fa7e7782a6a6abef6498aed7090ad433,VND,1,100010,269025280,0,normal,134,179,25,,,1,0,0,0,5,4.8,70,"70, 0, 2, 2, 5, 61",34,22,https://shopee.vn/[Mã-ELSAMHOT-giảm-5%-đơn-3TR]-Smart-Tivi-Samsung-Crystal-UHD-4K-55-inch-UA55TU6900KXXV---Model-2020---Miễn-phí-lắp-đặt-i.65589552.3656279961,2021-08-16,2021-09-24,40,0,14790000,13090000,27,17,0,192,0,460,17,22032,3039,70,0,70,0,2021-09-25
3668415082,2021-09-24,230954155,"VinFast - Xe máy điện Ludo Grey",009b9e522d5b7e747dac0a84ae9f86ae,VND,1,100641,0,0,normal,129,0,0,"Chưa gồm Pin, Đã gồm 1 Pin","Sản phẩm",2,0,0,0,200,1,1,"1, 1, 0, 0, 0, 0",1,1,https://shopee.vn/VinFast---Xe-máy-điện-Ludo-Grey-i.230954155.3668415082,2021-08-16,2021-09-24,40,0,12900000,12900000,0,0,0,3,0,23,1,1813,275,1,0,1,0,2021-09-25
3708117588,2021-09-23,65589552,"[Mã ELSAMSEP giảm 5% đơn 500K] Lò Vi Sóng Samsung ME83X - 23L - Hàng chính hãng",2f0f9915fd5691956dad145de14252bf,VND,1,100010,268500994,0,normal,21,27,22,,,1,0,0,0,3,4.9,339,"339, 1, 1, 7, 15, 315",157,115,https://shopee.vn/[Mã-ELSAMSEP-giảm-5%-đơn-500K]-Lò-Vi-Sóng-Samsung-ME83X---23L---Hàng-chính-hãng-i.65589552.3708117588,2021-08-16,2021-09-23,38,0,2690000,1690000,37,0,0,903,1,1280,5,12178,2574,339,0,339,0,2021-09-25
3760839244,2021-09-24,88201679,"[Mã ELAP1TR giảm 5% đơn 3TR] Apple iPhone 12 Pro 256GB",ee36c328b153eb692a2b10b330602dbd,VND,1,100013,268959746,0,normal,282,350,19,"Silver, Graphite, Gold, Pacific Blue",Color,4,0,0,0,1,4.9,121,"121, 1, 0, 2, 3, 115",60,50,https://shopee.vn/[Mã-ELAP1TR-giảm-5%-đơn-3TR]-Apple-iPhone-12-Pro-256GB-i.88201679.3760839244,2021-08-17,2021-09-24,31,1,34990000,28190000,19,0,0,367,1,925,12,39351,3161,121,0,121,0,2021-09-25
3885553519,2021-09-24,65589552,"[Mã ELSAMHOT giảm 5% đơn 3TR] Smart Tivi Samsung Crystal UHD 4K 55 inch UA55AU8000KXXV - Miễn Phí Lắp Đặt",c5ec25be80e73f02e65a96a1266000df,VND,1,100010,269025280,0,normal,174,219,21,,,1,0,0,0,3,5,6,"6, 0, 0, 0, 0, 6",1,0,https://shopee.vn/[Mã-ELSAMHOT-giảm-5%-đơn-3TR]-Smart-Tivi-Samsung-Crystal-UHD-4K-55-inch-UA55AU8000KXXV---Miễn-Phí-Lắp-Đặt-i.65589552.3885553519,2021-08-16,2021-09-24,40,0,18090000,17099000,22,17,0,10,0,89,5,4584,781,6,0,6,0,2021-09-25
3967410810,2021-09-24,53452181,"Pin sạc dự phòng Xiaomi Fast Charge Redmi 18W/20000MAH - Hàng Chính Hãng",8d2e4744da0dc7d7a5970a46d3ecbdfb,VND,1,100013,268435458,0,normal,5,0,0,"Màu Đen","Phân loại",1,0,0,0,1,4.9,135,"135, 3, 1, 0, 3, 128",68,61,https://shopee.vn/Pin-sạc-dự-phòng-Xiaomi-Fast-Charge-Redmi-18W/20000MAH---Hàng-Chính-Hãng-i.53452181.3967410810,2021-08-16,2021-09-24,38,0,490000,342000,30,0,1,274,31,238,0,7838,1421,135,16,135,16,2021-09-25
3992454875,2021-09-24,88201679,"Vòng da Apple AirTag",a47ca00359346164ea34d8733df6ce11,VND,1,100013,268435456,0,normal,10,12,15,"Saddle Brown, (PRODUCT) Red",Color,2,0,0,0,5,0,0,"0, 0, 0, 0, 0, 0",0,0,https://shopee.vn/Vòng-da-Apple-AirTag-i.88201679.3992454875,2021-08-16,2021-09-24,40,0,1190000,1010000,15,0,0,0,0,15,2,2693,434,0,0,0,0,2021-09-25
4018019342,2021-09-24,65589552,"[Mã ELSAMHOT giảm 5% đơn 3TR] Smart Tivi LED SAMSUNG 32 Inch UA32T4500AKXXV - Miễn phí lắp đặt",a6839e2c24911bf6a6219350976fa580,VND,1,100010,269025282,0,normal,69,80,14,,,1,0,0,0,2,4.8,86,"86, 3, 0, 0, 3, 80",46,34,https://shopee.vn/[Mã-ELSAMHOT-giảm-5%-đơn-3TR]-Smart-Tivi-LED-SAMSUNG-32-Inch-UA32T4500AKXXV---Miễn-phí-lắp-đặt-i.65589552.4018019342,2021-08-16,2021-09-24,40,0,7590000,6599000,18,5,1,214,1,477,5,6135,484,86,0,86,0,2021-09-25
4317758666,2021-09-24,53452181,"Pin Sạc Dự Phòng Xiaomi Redmi 10000mAh VXN4286GL - Hàng Chính Hãng",f0d7c3d43bc91e8c584408b0bd60efcd,VND,1,100013,268435458,0,normal,3,0,0,,,1,0,0,0,8,4.9,1264,"1264, 19, 10, 9, 48, 1178",621,500,https://shopee.vn/Pin-Sạc-Dự-Phòng-Xiaomi-Redmi-10000mAh-VXN4286GL---Hàng-Chính-Hãng-i.53452181.4317758666,2021-08-16,2021-09-24,40,0,299000,229000,23,0,1,2891,14,955,6,6635,411,1264,7,1264,7,2021-09-25
4368319019,2021-09-24,230954155,"VinFast - Xe máy điện Ludo Dark Blue",81f0627c57d69257a7f663cf6c4a0c89,VND,1,100641,0,0,normal,129,0,0,"Chưa gồm Pin, Đã gồm 1 Pin","Sản phẩm",2,0,0,0,200,0,0,"0, 0, 0, 0, 0, 0",0,0,https://shopee.vn/VinFast---Xe-máy-điện-Ludo-Dark-Blue-i.230954155.4368319019,2021-08-16,2021-09-24,40,0,12900000,12900000,0,0,0,4,0,6,0,424,93,0,0,0,0,2021-09-25
4460739364,2021-09-24,88201679,"[Mã ELAP1TR giảm 5% đơn 3TR] Apple iPhone 12 128GB",c571780f3a85716c7aa3ec70360b1807,VND,1,100013,268959746,0,normal,198,270,27,"Black, White, Product Red, Green, Blue, Purple",Color,6,0,0,0,2,4.9,309,"309, 6, 2, 0, 10, 291",168,139,https://shopee.vn/[Mã-ELAP1TR-giảm-5%-đơn-3TR]-Apple-iPhone-12-128GB-i.88201679.4460739364,2021-08-16,2021-09-24,32,0,26990000,19690000,27,0,0,813,4,2154,34,120757,5122,309,1,309,1,2021-09-25
4546240130,2021-09-24,65589552,"[Mã ELSAMHOT giảm 5% đơn 3TR] Màn Hình Samsung LF24T350FHEXXV 24"FHD IPS 75Hz 5ms AMD Freesync 3 Cạnh Chân-V",c013e58e78d23b3601374a8b721fed5a,VND,1,100644,269025282,0,normal,33,39,16,,,1,0,0,0,2,4.6,50,"50, 2, 2, 2, 3, 41",31,18,"https://shopee.vn/[Mã-ELSAMHOT-giảm-5%-đơn-3TR]-Màn-Hình-Samsung-LF24T350FHEXXV-24"FHD-IPS-75Hz-5ms-AMD-Freesync-3-Cạnh-Chân-V-i.65589552.4546240130",2021-08-16,2021-09-24,40,0,3490000,3298000,16,11,2,123,1,534,31,38441,6791,50,2,50,2,2021-09-25
4568308812,2021-09-24,230954155,"VinFast - Xe máy điện Ludo White",57fc1ce78af520cce0c2720e15556991,VND,1,100641,0,0,normal,129,0,0,"Chưa gồm Pin, Đã gồm 1 Pin","Sản phẩm",2,0,0,0,200,0,0,"0, 0, 0, 0, 0, 0",0,0,https://shopee.vn/VinFast---Xe-máy-điện-Ludo-White-i.230954155.4568308812,2021-08-16,2021-09-24,40,0,12900000,12900000,0,0,0,0,0,13,0,1967,552,0,0,0,0,2021-09-25
4660739098,2021-09-09,88201679,"Apple iPhone 12 64GB",c571780f3a85716c7aa3ec70360b1807,VND,1,100013,268959746,0,normal,204,0,0,"Black, White, Product Red, Green, Blue, Purple",Color,6,0,0,0,1,4.9,324,"324, 5, 2, 3, 5, 309",168,131,https://shopee.vn/Apple-iPhone-12-64GB-i.88201679.4660739098,2021-08-16,2021-09-09,22,0,20390000,18990000,7,0,0,849,0,1560,0,16712,0,325,0,324,0,2021-09-25
4705478256,2021-09-24,65589552,"[Mã ELSAMHOT giảm 5% đơn 3TR] Máy lọc không khí Samsung AX40R3030WM/SV",4a39326fbef217f45c32f733d04884ef,VND,1,100010,269025282,0,normal,46,75,39,,,1,0,0,0,15,4.9,85,"85, 1, 1, 0, 3, 80",42,27,https://shopee.vn/[Mã-ELSAMHOT-giảm-5%-đơn-3TR]-Máy-lọc-không-khí-Samsung-AX40R3030WM/SV-i.65589552.4705478256,2021-08-16,2021-09-24,40,0,7489900,3890000,48,0,0,183,1,804,2,9892,2084,85,0,85,0,2021-09-25
4737194401,2021-08-27,65589552,"Điện Thoại Samsung Galaxy M21 (64GB/4GB) - Hàng Chính Hãng",cb83e5244d97f379e4bc647b2d0a7671,VND,1,100013,268959746,0,sold_out,37,55,34,"Đen, Xanh",Màu,2,0,0,0,0,4.9,2130,"2130, 16, 7, 26, 77, 2004",1148,835,https://shopee.vn/Điện-Thoại-Samsung-Galaxy-M21-(64GB/4GB)---Hàng-Chính-Hãng-i.65589552.4737194401,2021-08-16,2021-08-27,11,1,3790000,3650000,34,31,0,6102,0,3346,0,98871,0,2130,0,2130,0,2021-09-25
4860614078,2021-08-28,88201679,"Apple iPad Gen 8th 10.2-inch Wi-Fi 32GB",4bcf3fee748f442ce3e75f9b752c089b,VND,1,100013,268959746,0,sold_out,86,100,14,"Space Gray, Silver, Gold",Color,3,0,0,0,0,4.9,222,"222, 5, 0, 1, 5, 211",122,98,https://shopee.vn/Apple-iPad-Gen-8th-10.2-inch-Wi-Fi-32GB-i.88201679.4860614078,2021-08-19,2021-08-28,2,1,9990000,8590000,14,0,0,554,0,6113,0,38816,0,222,0,222,0,2021-09-25
4995831868,2021-09-23,65589552,"V - Điện Thoại Samsung Galaxy A32 (8GB/128GB) - Hàng Chính Hãng",1b8cd91fc52027a733565674415d764f,VND,1,100013,268437504,0,normal,80,0,0,"Xanh Sáng Tạo",Variations,1,0,0,0,50,0,0,"0, 0, 0, 0, 0, 0",0,0,https://shopee.vn/V---Điện-Thoại-Samsung-Galaxy-A32-(8GB/128GB)---Hàng-Chính-Hãng-i.65589552.4995831868,2021-09-10,2021-09-23,14,0,7990000,7990000,0,0,0,800,0,12,7,1791,932,0,0,0,0,2021-09-25
5076952578,2021-09-08,88201679,"Apple iPad Air 4 10.9 inch Wi-Fi 64GB",74a8326d4b2d1c617bab5a49f450341b,VND,1,100013,268959746,0,normal,137,170,19,"Sky Blue, Silver, Gray, Rose Gold, Green","Màu Sắc",5,0,0,0,479,4.9,469,"469, 10, 1, 2, 9, 447",254,219,https://shopee.vn/Apple-iPad-Air-4-10.9-inch-Wi-Fi-64GB-i.88201679.5076952578,2021-08-17,2021-09-08,22,0,13690000,13190000,22,19,0,1285,0,18820,0,302101,0,469,0,469,0,2021-09-25
5086975867,2021-09-18,53452181,"[CE Gift] Cân Điện Tử Thông Minh Xiaomi Mi Smart Scale Gen 2",1a425fd326bc582e9868624840b53e60,VND,1,100001,268435458,0,normal,5,0,0,,,1,0,0,0,1,4.8,82,"82, 4, 0, 0, 2, 76",35,33,https://shopee.vn/[CE-Gift]-Cân-Điện-Tử-Thông-Minh-Xiaomi-Mi-Smart-Scale-Gen-2-i.53452181.5086975867,2021-08-31,2021-09-18,8,0,490000,390000,20,0,0,196,0,189,9,946,236,82,0,82,0,2021-09-25
5157517143,2021-09-24,88201679,"[Mã ELAP1TR giảm 5% đơn 3TR] Apple Watch Series 6 44mm GPS Sport Band",f8ec3b6cd40e8f637116dd6b2c83aed4,VND,1,100013,268959746,0,normal,97,140,31,"Sliver Aluminum, Space Gray Aluminum, Blue Aluminum, Gold Aluminum ",Color,4,0,0,0,22,4.8,197,"197, 4, 2, 3, 9, 179",96,86,https://shopee.vn/[Mã-ELAP1TR-giảm-5%-đơn-3TR]-Apple-Watch-Series-6-44mm-GPS-Sport-Band-i.88201679.5157517143,2021-08-16,2021-09-24,40,0,9890000,9400000,33,29,0,463,21,984,20,52650,5559,197,10,197,10,2021-09-25
5220740339,2021-09-24,230954155,"Xe điện Vinfast Impes",13f47dcf9115a7d7666b7ea6b1f35650,VND,1,100641,2,0,normal,149,0,0,"Blue, Dark Blue, Gray, Red, White","Màu sắc",5,0,0,0,1000,4.6,17,"17, 1, 0, 1, 1, 14",10,5,https://shopee.vn/Xe-điện-Vinfast-Impes-i.230954155.5220740339,2021-08-16,2021-09-24,40,0,14900000,14900000,0,0,0,40,0,201,0,3204,291,18,0,17,0,2021-09-25
5320391335,2021-09-24,65589552,"[Mã ELSAMSEP giảm 5% đơn 500K] Máy hút bụi Samsung VCC8836V36/XSV 2L",411a7725222e98247389df152ccd84c8,VND,1,100010,269025282,0,normal,30,50,40,,,1,0,0,0,17,5,62,"62, 0, 0, 0, 3, 59",32,22,https://shopee.vn/[Mã-ELSAMSEP-giảm-5%-đơn-500K]-Máy-hút-bụi-Samsung-VCC8836V36/XSV-2L-i.65589552.5320391335,2021-09-01,2021-09-24,24,0,4999000,2190000,56,0,0,144,0,466,6,2091,447,62,0,62,0,2021-09-25
5373960213,2021-09-24,88201679,"[Mã ELAP1TR giảm 5% đơn 3TR] Apple Mac Mini (2020) M1 Chip, 8GB, 256GB SSD",6537e93a0952ec3f602966180ba0bde9,VND,1,100644,268959746,0,normal,180,200,10,,,1,0,0,0,3,4.7,29,"29, 2, 0, 0, 1, 26",14,11,"https://shopee.vn/[Mã-ELAP1TR-giảm-5%-đơn-3TR]-Apple-Mac-Mini-(2020)-M1-Chip,-8GB,-256GB-SSD-i.88201679.5373960213",2021-08-16,2021-09-24,36,0,17990000,16900000,15,10,0,77,5,440,7,40382,4490,29,3,29,3,2021-09-25
5394674091,2021-09-13,65589552," Máy tính bảng Samsung Galaxy Tab A7 Lite (SM-T225) - Hàng Chính Hãng",f30f9448ec08ba6f5c9eaec2eddb14c9,VND,1,100013,268959746,0,normal,40,45,11,"Xám, Bạc","Màu Sắc",2,0,0,0,27,4.9,110,"110, 1, 0, 1, 3, 105",50,40,https://shopee.vn/-Máy-tính-bảng-Samsung-Galaxy-Tab-A7-Lite-(SM-T225)---Hàng-Chính-Hãng-i.65589552.5394674091,2021-08-16,2021-09-13,26,2,4490000,3790000,16,0,0,317,0,492,0,91821,0,110,0,110,0,2021-09-25
5395576705,2021-08-30,88201679,"Apple iPhone 12 | 12 Pro Silicone Case with MagSafe - White",c84af154b61ccf0acd6a994c0e6c47e4,VND,1,100013,268959744,0,sold_out,18,0,0,White,Color,1,0,0,0,0,0,0,"0, 0, 0, 0, 0, 0",0,0,https://shopee.vn/Apple-iPhone-12-|-12-Pro-Silicone-Case-with-MagSafe---White-i.88201679.5395576705,2021-08-16,2021-08-30,15,2,1790000,1790000,0,0,0,0,0,13,0,5116,0,0,0,0,0,2021-09-25
5483791270,2021-09-02,65589552,"Màn hình Samsung LS24A310NHEXXV 24" FHD D-SUB HDMI - Hàng chính hãng",86b3119a2e7f5027440ff4edf0532393,VND,1,100644,268959746,0,normal,31,45,33,,,1,0,0,0,1,4.3,6,"6, 1, 0, 0, 0, 5",3,2,"https://shopee.vn/Màn-hình-Samsung-LS24A310NHEXXV-24"-FHD-D-SUB-HDMI---Hàng-chính-hãng-i.65589552.5483791270",2021-08-18,2021-09-02,16,0,3150000,3050000,33,31,0,9,0,65,0,1345,0,6,0,6,0,2021-09-25
5547907031,2021-09-24,65589552,"[Mã ELSAMHOT giảm 5% đơn 3TR] Smart Tivi Samsung Màn Hình Cong Crystal UHD 4K 55 inch UA55TU8300KXXV - Miễn phí lắp đặt",e8f1bd0d1716ef5337ef111fd45c1c67,VND,1,100010,269025280,0,normal,136,224,39,,,1,0,0,0,4,4.8,564,"564, 8, 7, 9, 29, 511",287,208,https://shopee.vn/[Mã-ELSAMHOT-giảm-5%-đơn-3TR]-Smart-Tivi-Samsung-Màn-Hình-Cong-Crystal-UHD-4K-55-inch-UA55TU8300KXXV---Miễn-phí-lắp-đặt-i.65589552.5547907031,2021-08-16,2021-09-24,40,0,14590000,13390000,40,35,3,1351,0,1683,18,37182,2388,565,0,565,0,2021-09-25
5600084939,2021-09-24,88201679," Apple iPhone 11 64GB",b107f2e6167adb250100ec4c8d028a57,VND,1,100013,268959746,0,normal,140,220,36,"Black, White, Red, Yellow, Purple, Green","Màu sắc",6,0,0,0,671,4.8,943,"943, 26, 5, 9, 25, 878",498,405,https://shopee.vn/-Apple-iPhone-11-64GB-i.88201679.5600084939,2021-08-16,2021-09-24,40,2,21990000,13290000,40,0,0,2707,362,5973,396,388694,54719,943,109,943,109,2021-09-25
5660743161,2021-09-24,88201679,"[Mã ELAP1TR giảm 5% đơn 3TR] Apple iPhone 12 Pro 128GB",ee36c328b153eb692a2b10b330602dbd,VND,1,100013,268959746,0,normal,262,310,15,"Silver, Graphite, Gold, Pacific Blue",Color,4,0,0,0,2,4.8,434,"434, 14, 1, 2, 13, 404",225,179,https://shopee.vn/[Mã-ELAP1TR-giảm-5%-đơn-3TR]-Apple-iPhone-12-Pro-128GB-i.88201679.5660743161,2021-08-16,2021-09-24,37,0,30990000,25590000,17,0,0,1140,4,2646,84,119742,14797,434,1,434,1,2021-09-25
5668317561,2021-09-24,230954155,"VinFast - Xe máy điện Ludo Red",6c470785a12290e03d9544c0133a24bc,VND,1,100641,0,0,normal,129,0,0,"Chưa gồm Pin, Đã gồm 1 Pin","Sản phẩm",2,0,0,0,200,0,0,"0, 0, 0, 0, 0, 0",0,0,https://shopee.vn/VinFast---Xe-máy-điện-Ludo-Red-i.230954155.5668317561,2021-08-16,2021-09-24,40,0,12900000,12900000,0,0,0,0,0,5,0,242,76,0,0,0,0,2021-09-25
5792408122,2021-09-08,65589552,"[Mã ELSAMHOT giảm 5% đơn 3TR] Miễn phí công lắp đặt_Máy giặt Samsung cửa trên Digital Inverter 12kg (WA12T5360BY)",eac4cfa24a77c2acb45607e0d7107353,VND,1,100010,268959744,0,normal,92,155,41,,,1,0,0,0,4,0,0,"0, 0, 0, 0, 0, 0",0,0,https://shopee.vn/[Mã-ELSAMHOT-giảm-5%-đơn-3TR]-Miễn-phí-công-lắp-đặt_Máy-giặt-Samsung-cửa-trên-Digital-Inverter-12kg-(WA12T5360BY)-i.65589552.5792408122,2021-08-16,2021-09-08,24,0,15519900,6190000,60,0,2,0,0,59,0,2437,0,0,0,0,0,2021-09-25
5816406506,2021-09-15,65589552,"Điện thoại Samsung Galaxy A51 (128GB/6GB)- Hàng chính hãng",843b7e4d8cb63720ee73cb2eb29af443,VND,1,100013,268959746,0,normal,55,80,32,"Bạc, Xanh Ngọc, Đen, Hồng",Variation,4,0,0,0,1,4.9,902,"902, 7, 4, 15, 29, 847",489,374,https://shopee.vn/Điện-thoại-Samsung-Galaxy-A51-(128GB/6GB)--Hàng-chính-hãng-i.65589552.5816406506,2021-08-17,2021-09-15,11,0,7990000,5450000,32,29,0,3702,0,2415,0,59673,0,902,0,902,0,2021-09-25
5873954476,2021-09-23,88201679,"[Mã ELAP1TR giảm 5% đơn 3TR] Apple MacBook Air (2020) M1 Chip, 13.3-inch, 8GB, 256GB SSD",575e04c0e1d08b5f1b9f624a8d6b1419,VND,1,100644,268959746,0,normal,260,290,10,"Gold, Silver, Space Gray",Color,3,0,0,0,1,4.9,395,"395, 6, 0, 3, 10, 376",216,187,"https://shopee.vn/[Mã-ELAP1TR-giảm-5%-đơn-3TR]-Apple-MacBook-Air-(2020)-M1-Chip,-13.3-inch,-8GB,-256GB-SSD-i.88201679.5873954476",2021-08-16,2021-09-23,32,0,25990000,24600000,15,10,0,1093,253,3167,47,158672,15145,395,92,395,92,2021-09-25
5994599596,2021-09-24,65589552,"[Mã ELSAMHOT giảm 5% đơn 3TR] Smart Tivi Samsung Crystal UHD 4K 50 inch UA50AU7700KXXV - Miễn phí lắp đặt",aac77002236fb72b84e45aad9e9b4192,VND,1,100010,269025282,0,normal,146,179,18,,,1,0,0,0,3,0,0,"0, 0, 0, 0, 0, 0",0,0,https://shopee.vn/[Mã-ELSAMHOT-giảm-5%-đơn-3TR]-Smart-Tivi-Samsung-Crystal-UHD-4K-50-inch-UA50AU7700KXXV---Miễn-phí-lắp-đặt-i.65589552.5994599596,2021-08-16,2021-09-24,40,0,15899000,13899000,22,11,1,0,0,33,0,10791,7437,0,0,0,0,2021-09-25
6068317986,2021-09-24,230954155,"VinFast - Xe máy điện Klara S Trắng",dfe9eb3bc397a1c09bda34901377a088,VND,1,100641,0,0,normal,399,0,0,"Chưa gồm Pin, Đã gồm 1 Pin, Đã gồm 2 Pin","Sản phẩm",3,0,0,0,598,4.5,4,"4, 0, 0, 1, 0, 3",2,3,https://shopee.vn/VinFast---Xe-máy-điện-Klara-S-Trắng-i.230954155.6068317986,2021-08-16,2021-09-24,40,0,39900000,39900000,0,0,0,6,0,38,-1,632,42,4,0,4,0,2021-09-25
6119437643,2021-09-24,65589552,"[Mã ELSAMHOT giảm 5% đơn 3TR] Máy hút bụi không dây 3 trong 1 Samsung VS03R6523J1 - Hàng chính hãng",afb08a8fe63e9de6083b2c2c1b857be8,VND,1,100010,269025282,0,normal,40,60,33,,,1,0,0,0,3,4.8,61,"61, 2, 0, 0, 5, 54",29,19,https://shopee.vn/[Mã-ELSAMHOT-giảm-5%-đơn-3TR]-Máy-hút-bụi-không-dây-3-trong-1-Samsung-VS03R6523J1---Hàng-chính-hãng-i.65589552.6119437643,2021-08-19,2021-09-24,16,0,5990000,2890000,52,0,0,171,0,672,8,2950,435,61,0,61,0,2021-09-25
6125794615,2021-09-24,53452181,"Robot hút bụi Xiaomi Vacuum Mop SKV4093GL - Hàng chính hãng",29a2c8f2626b66d0b94a307f6de64570,VND,1,100010,268959746,0,normal,75,0,0,,,1,0,0,0,2,4.9,43,"43, 0, 1, 1, 0, 41",20,13,https://shopee.vn/Robot-hút-bụi-Xiaomi-Vacuum-Mop-SKV4093GL---Hàng-chính-hãng-i.53452181.6125794615,2021-08-16,2021-09-24,39,0,7490000,5690000,24,0,1,92,2,198,2,2573,249,43,2,43,2,2021-09-25
6227310945,2021-09-24,65589552,"Tai nghe Samsung Galaxy Buds+ (R175) - Hàng chính hãng",de5199e09237976f53477147e27e728b,VND,1,100535,268435458,0,normal,23,45,49,"Trắng, Đen",Màu,2,0,0,0,1,4.8,796,"796, 12, 3, 13, 38, 730",387,315,https://shopee.vn/Tai-nghe-Samsung-Galaxy-Buds+-(R175)---Hàng-chính-hãng-i.65589552.6227310945,2021-08-24,2021-09-24,16,2,2290000,1200000,73,49,0,1693,9,1670,1,28198,1740,796,3,796,3,2021-09-25
6257515197,2021-09-24,88201679,"[Mã ELAP1TR giảm 5% đơn 3TR] Apple Watch Series 6 40mm GPS Sport Band",bbc515c097847a607b9c7918f72fb2fa,VND,1,100013,268959746,0,normal,92,130,29,"Sliver Aluminum, Space Gray Aluminum , Blue Aluminum ",Color,3,0,0,0,27,4.9,91,"91, 1, 1, 2, 2, 85",43,38,https://shopee.vn/[Mã-ELAP1TR-giảm-5%-đơn-3TR]-Apple-Watch-Series-6-40mm-GPS-Sport-Band-i.88201679.6257515197,2021-08-16,2021-09-24,40,0,9500000,9000000,31,27,0,267,13,673,10,28316,1544,91,3,91,3,2021-09-25
6267314567,2021-08-31,88201679,"Apple iPad Gen 8th 10.2-inch Wi-Fi 128GB",9d653e0b380e8dea7d4b6cea89495695,VND,1,100013,268959746,0,sold_out,105,115,9,"Space Gray, Silver, Gold",Color,3,0,0,0,0,4.9,105,"105, 0, 1, 1, 3, 100",59,47,https://shopee.vn/Apple-iPad-Gen-8th-10.2-inch-Wi-Fi-128GB-i.88201679.6267314567,2021-08-19,2021-08-31,2,2,11500000,10490000,9,0,0,223,0,439,0,5824,0,105,0,105,0,2021-09-25
6360756336,2021-09-24,88201679,"Apple iPhone 12 Pro Max 128GB",2dd923298ba0685a2288af4ae443c51c,VND,1,100013,268959746,0,normal,283,340,17,"Silver, Graphite, Gold, Pacific Blue",Color,4,0,0,0,5,4.9,997,"997, 13, 5, 15, 29, 935",512,433,https://shopee.vn/Apple-iPhone-12-Pro-Max-128GB-i.88201679.6360756336,2021-08-16,2021-09-24,38,2,33990000,27990000,18,0,2,2709,46,12880,211,632544,108696,997,14,997,14,2021-09-25
6446665710,2021-09-24,88201679,"[Mã ELAP1TR giảm 5% đơn 3TR] Apple Watch Series 3 42mm GPS Sport Band",982a277b97e49732507d9d68341267c6,VND,1,100013,268959746,0,normal,50,86,42,"Black, White",Color,2,0,0,0,7,5,27,"27, 0, 0, 0, 0, 27",7,7,https://shopee.vn/[Mã-ELAP1TR-giảm-5%-đơn-3TR]-Apple-Watch-Series-3-42mm-GPS-Sport-Band-i.88201679.6446665710,2021-08-27,2021-09-24,29,0,8590000,4990000,42,0,0,62,6,340,21,14021,3728,27,3,27,3,2021-09-25
6446665760,2021-09-24,88201679,"[Mã ELAP1TR giảm 5% đơn 3TR] Apple Watch Series 3 38mm GPS Sport Band",982a277b97e49732507d9d68341267c6,VND,1,100013,268959746,0,normal,48,76,37,"White, Black","Màu Sắc",2,0,0,0,9,4.9,73,"73, 0, 0, 1, 2, 70",48,43,https://shopee.vn/[Mã-ELAP1TR-giảm-5%-đơn-3TR]-Apple-Watch-Series-3-38mm-GPS-Sport-Band-i.88201679.6446665760,2021-08-16,2021-09-24,34,0,4750000,4390000,42,37,0,185,16,1124,38,39143,5757,73,8,73,8,2021-09-25
6476963196,2021-09-24,230954155,"Xe motor điện VinFast Feliz - Duyên dáng thanh lịch",a2aedc1f1178f59dc52bdcd2187500af,VND,1,100639,0,0,normal,249,0,0,"Đen, Đỏ, Trắng, Xanh Rêu","Màu sắc",4,0,0,0,377,3.8,12,"12, 2, 2, 0, 1, 7",10,3,https://shopee.vn/Xe-motor-điện-VinFast-Feliz---Duyên-dáng-thanh-lịch-i.230954155.6476963196,2021-08-16,2021-09-24,40,0,24900000,24900000,0,0,0,24,0,110,-1,2831,119,12,0,12,0,2021-09-25
6517857143,2021-09-23,65589552,"[Mã ELSAMHOT giảm 5% đơn 3TR] Smart Tivi Samsung 43 Inch Full HD UA43T6500AKXXV - Miễn phí lắp đặt",4d1f49fb5c0410cec8002ce9183342f5,VND,1,100010,269025282,0,normal,95,109,13,,,1,0,0,0,1,4.9,135,"135, 1, 1, 0, 4, 129",54,39,https://shopee.vn/[Mã-ELSAMHOT-giảm-5%-đơn-3TR]-Smart-Tivi-Samsung-43-Inch-Full-HD-UA43T6500AKXXV---Miễn-phí-lắp-đặt-i.65589552.6517857143,2021-08-16,2021-09-23,35,0,9540000,8980000,18,12,0,426,0,452,2,4983,361,135,0,135,0,2021-09-25
6517857194,2021-09-24,65589552,"[Mã ELSAMHOT giảm 5% đơn 3TR] Smart Tivi LED SAMSUNG 32 Inch UA32T4300AKXXV - Miễn phí lắp đặt",7843ed24318befc5945dd5bf5834e061,VND,1,100010,269025282,0,normal,65,76,14,,,1,0,0,0,5,4.9,70,"70, 0, 2, 1, 0, 67",28,24,https://shopee.vn/[Mã-ELSAMHOT-giảm-5%-đơn-3TR]-Smart-Tivi-LED-SAMSUNG-32-Inch-UA32T4300AKXXV---Miễn-phí-lắp-đặt-i.65589552.6517857194,2021-08-16,2021-09-24,40,0,6680000,6099000,20,12,1,204,0,586,5,5760,346,70,0,70,0,2021-09-25
6543991657,2021-09-24,88201679,"[Mã ELAP300K giảm 5% đơn 500K] Apple AirPods with Charging Case 2nd gen",a256a89d3b7b4b80224e768d9ff6fdff,VND,1,100013,268959746,0,normal,30,44,31,,,1,0,0,0,366,4.9,4513,"4513, 58, 18, 39, 128, 4270",2461,2151,https://shopee.vn/[Mã-ELAP300K-giảm-5%-đơn-500K]-Apple-AirPods-with-Charging-Case-2nd-gen-i.88201679.6543991657,2021-08-16,2021-09-24,40,0,3200000,3010000,31,27,0,11464,298,36024,-43,333622,25669,4513,110,4513,110,2021-09-25
6576992942,2021-09-24,230954155,"Xe motor điện VinFast Theon - Trải nghiệm mạnh mẽ",d43ee70b8d602964f17c9724b2b36e38,VND,1,100641,0,0,normal,639,0,0,"Bạc, Đen , Đỏ","Màu sắc",3,0,0,0,598,0,0,"0, 0, 0, 0, 0, 0",0,0,https://shopee.vn/Xe-motor-điện-VinFast-Theon---Trải-nghiệm-mạnh-mẽ-i.230954155.6576992942,2021-08-16,2021-09-24,40,0,63900000,63900000,0,0,0,2,0,45,0,1590,58,0,0,0,0,2021-09-25
6655311826,2021-09-24,53452181,"Sạc Không Dây Xiaomi Mi Wireless Charging Pad 10W (Global Version) - Hàng Chính Hãng",b31facb0acfa4a37c593a01f74bb3cf9,VND,1,100013,268435456,0,normal,4,0,0,,,1,0,0,0,12,5,6,"6, 0, 0, 0, 0, 6",2,2,https://shopee.vn/Sạc-Không-Dây-Xiaomi-Mi-Wireless-Charging-Pad-10W-(Global-Version)---Hàng-Chính-Hãng-i.53452181.6655311826,2021-08-16,2021-09-24,40,0,390000,339000,13,0,0,17,0,100,4,2429,351,6,0,6,0,2021-09-25
6685849255,2021-09-24,65589552,"[Mã ELSAMSEP giảm 5% đơn 500K] Điện Thoại Samsung Galaxy M12 (3GB/32GB) - Hãng Phân Phối Chính Thức",a277200d45df2ef46c4adafbdb1cd489,VND,1,100013,269025282,0,normal,30,35,14,"Xanh, Đen",Màu,2,0,0,0,106,4.9,606,"606, 6, 0, 6, 10, 584",290,233,https://shopee.vn/[Mã-ELSAMSEP-giảm-5%-đơn-500K]-Điện-Thoại-Samsung-Galaxy-M12-(3GB/32GB)---Hãng-Phân-Phối-Chính-Thức-i.65589552.6685849255,2021-08-16,2021-09-24,38,0,3490000,2790000,20,0,0,2070,275,1343,58,104122,14308,606,77,606,77,2021-09-25
6691198569,2021-09-24,65589552,"[Mã ELSAMHOT giảm 5% đơn 3TR] Điện Thoại Samsung Galaxy M62 8GB/256GB - Hàng Chính Hãng",0aa63c491599bab06d571d7390db8d62,VND,1,100013,269025282,0,normal,90,100,10,"Đen, Xanh","Màu Sắc",2,0,0,0,71,4.9,62,"62, 0, 0, 2, 3, 57",33,19,https://shopee.vn/[Mã-ELSAMHOT-giảm-5%-đơn-3TR]-Điện-Thoại-Samsung-Galaxy-M62-8GB/256GB---Hàng-Chính-Hãng-i.65589552.6691198569,2021-08-16,2021-09-24,40,0,9990000,8290000,17,0,2,153,23,472,33,40066,5141,62,12,62,12,2021-09-25
6760604936,2021-09-20,53452181,"Pin Sạc Dự Phòng Xiaomi Gen 3 Version 2019 Polymer 10000mAh Tích Hợp Cổng Type-C",fa6c9c7456c363c8e836e6cd84519d9f,VND,1,100013,268435458,0,normal,3,5,39,"Đen Xanh, Bạc",Màu,2,0,0,0,8,4.8,471,"471, 12, 1, 7, 10, 441",251,205,https://shopee.vn/Pin-Sạc-Dự-Phòng-Xiaomi-Gen-3-Version-2019-Polymer-10000mAh-Tích-Hợp-Cổng-Type-C-i.53452181.6760604936,2021-08-16,2021-09-20,35,0,490000,298000,39,0,1,1104,8,492,5,8762,311,471,3,471,3,2021-09-25
6773948914,2021-09-24,88201679,"[Mã ELAP1TR giảm 5% đơn 3TR] Apple MacBook Pro (2020) M1 Chip, 13 inch, 8GB, 512GB SSD",42c51761d53b623a5bc6fcf8772d9e94,VND,1,100644,268959746,0,normal,358,430,17,"Silver, Space Gray",Color,2,0,0,0,3,4.8,10,"10, 0, 0, 1, 0, 9",7,6,"https://shopee.vn/[Mã-ELAP1TR-giảm-5%-đơn-3TR]-Apple-MacBook-Pro-(2020)-M1-Chip,-13-inch,-8GB,-512GB-SSD-i.88201679.6773948914",2021-08-16,2021-09-24,39,0,35990000,35500000,17,16,0,25,1,381,32,27005,5257,10,1,10,1,2021-09-25
6863138901,2021-09-24,53452181,"Robot hút bụi Xiaomi Vacuum Mop Pro SKV4109GL - Hàng chính hãng",3a76476b196e7840ee28e9354acefe84,VND,1,100010,268959744,0,normal,100,0,0,"SKV4110GL Màu Trắng, SKV4109GL Màu Đen",Màu,2,0,0,0,9,5,21,"21, 0, 0, 0, 0, 21",10,6,https://shopee.vn/Robot-hút-bụi-Xiaomi-Vacuum-Mop-Pro-SKV4109GL---Hàng-chính-hãng-i.53452181.6863138901,2021-08-16,2021-09-24,40,0,9990000,6690000,33,0,1,64,0,162,3,3674,342,21,0,21,0,2021-09-25
6891184607,2021-09-24,53452181," Camera Hành Trình Xiaomi Mi Dash Cam 1S - Hàng chính hãng .",995878f93c6a3139c5e84e564ccbdfc7,VND,1,100640,268435458,0,normal,13,20,33,,,1,0,0,0,7,4.3,6,"6, 1, 0, 0, 0, 5",1,0,https://shopee.vn/-Camera-Hành-Trình-Xiaomi-Mi-Dash-Cam-1S---Hàng-chính-hãng-.-i.53452181.6891184607,2021-08-16,2021-09-24,39,0,1339000,1151000,42,33,1,11,5,127,39,11640,4929,6,2,6,2,2021-09-25
7068314584,2021-09-24,230954155,"VinFast - Xe máy điện Impes Red",6a1357a8f75e74349acacd4418eaefaa,VND,1,100641,0,0,normal,149,0,0,"Chưa gồm Pin, Đã gồm 1 Pin","Sản phẩm",2,0,0,0,200,5,1,"1, 0, 0, 0, 0, 1",0,0,https://shopee.vn/VinFast---Xe-máy-điện-Impes-Red-i.230954155.7068314584,2021-08-16,2021-09-24,40,0,14900000,14900000,0,0,0,2,0,8,1,2889,422,1,0,1,0,2021-09-25
7090658414,2021-09-24,53452181,"Dây Cáp Xiaomi  Type-C To Lightning 1M (BHR4421GL)",19b9ad8a016515bc32f34e86740fe033,VND,1,100013,268435458,0,normal,3,0,0,,,1,0,0,0,31,4.7,3,"3, 0, 0, 0, 1, 2",0,0,https://shopee.vn/Dây-Cáp-Xiaomi--Type-C-To-Lightning-1M-(BHR4421GL)-i.53452181.7090658414,2021-08-16,2021-09-24,40,0,290000,199000,31,0,0,10,4,31,2,1126,220,3,2,3,2,2021-09-25
7116610361,2021-09-17,65589552,"[Mã ELSAMHOT giảm 5% đơn 3TR] Điện Thoại Samsung Galaxy A71 8GB/128GB - Hàng Chính Hãng",f3a52e683046f2268254eb365cad425b,VND,1,100013,269025282,0,normal,72,105,31,"Prism Crush Black, Prism Crush Blue, Bạc, Hồng, Haze Crush Silver",Variation,5,0,0,0,2,4.9,398,"398, 4, 3, 2, 12, 377",227,165,https://shopee.vn/[Mã-ELSAMHOT-giảm-5%-đơn-3TR]-Điện-Thoại-Samsung-Galaxy-A71-8GB/128GB---Hàng-Chính-Hãng-i.65589552.7116610361,2021-08-16,2021-09-17,33,0,10490000,7090000,32,0,1,1018,0,1453,0,43667,0,398,0,398,0,2021-09-25
7192419991,2021-09-02,65589552,"Tủ Lạnh SAMSUNG Inverter 360 Lít RT35K5982DX/SV",488558b268a36ad1e12e0ad2be0ef8d6,VND,1,100010,268959744,0,normal,160,0,0,,,1,0,0,0,100,0,0,"0, 0, 0, 0, 0, 0",0,0,https://shopee.vn/Tủ-Lạnh-SAMSUNG-Inverter-360-Lít-RT35K5982DX/SV-i.65589552.7192419991,2021-09-01,2021-09-02,2,0,15990000,15990000,0,0,0,0,0,10,0,434,0,0,0,0,0,2021-09-25
7217256786,2021-09-24,65589552,"[Mã ELSAMHOT giảm 5% đơn 3TR] Miễn phí công lắp đặt_Máy giặt Samsung AddWash Inverter 8 kg WW80K52E0WW/SV",7c9a2e7b62afba79e230e5b16c7cd03c,VND,1,100010,269025280,0,normal,76,110,31,,,1,0,0,0,2,4.7,25,"25, 2, 0, 0, 0, 23",15,10,https://shopee.vn/[Mã-ELSAMHOT-giảm-5%-đơn-3TR]-Miễn-phí-công-lắp-đặt_Máy-giặt-Samsung-AddWash-Inverter-8-kg-WW80K52E0WW/SV-i.65589552.7217256786,2021-08-16,2021-09-24,28,0,10990000,5990000,45,0,0,67,0,779,5,5627,883,26,0,25,0,2021-09-25
7297413303,2021-09-24,65589552,"[Mã ELSAMSEP giảm 5% đơn 500K] Điện thoại Samsung Galaxy A22 (6GB/128GB)",4c4c8c008cd05ddfbba354a98b52e073,VND,1,100013,269025282,0,normal,55,59,7,"Xanh Lá, Tím, Đen",Name,3,0,0,0,292,5,19,"19, 0, 1, 0, 0, 18",7,8,https://shopee.vn/[Mã-ELSAMSEP-giảm-5%-đơn-500K]-Điện-thoại-Samsung-Galaxy-A22-(6GB/128GB)-i.65589552.7297413303,2021-08-28,2021-09-24,28,0,5890000,4690000,20,0,0,63,54,127,29,30722,6958,19,16,19,16,2021-09-25
7302666105,2021-09-24,65589552,"[Mã ELSAMHOT giảm 5% đơn 3TR] Màn Hình Samsung LS24R350FHEXXV 24inch FullHD 5ms 75Hz AMD FreeSync -Hàng Chính Hãng",02238f8a25cc10ee818d0d77197ea7be,VND,1,100644,269025282,0,normal,35,37,6,,,1,0,0,0,20,4.7,192,"192, 7, 2, 5, 10, 168",99,77,https://shopee.vn/[Mã-ELSAMHOT-giảm-5%-đơn-3TR]-Màn-Hình-Samsung-LS24R350FHEXXV-24inch-FullHD-5ms-75Hz-AMD-FreeSync--Hàng-Chính-Hãng-i.65589552.7302666105,2021-08-16,2021-09-24,40,0,3490000,3357000,10,6,0,406,1,11934,-108,44050,2214,192,0,192,0,2021-09-25
7368305577,2021-09-24,230954155,"VinFast - Xe máy điện Impes White",2dd2c071254057d8ec4394799471b073,VND,1,100641,0,0,normal,149,0,0,"Chưa gồm Pin, Đã gồm 1 Pin","Sản phẩm",2,0,0,0,200,0,0,"0, 0, 0, 0, 0, 0",0,0,https://shopee.vn/VinFast---Xe-máy-điện-Impes-White-i.230954155.7368305577,2021-08-16,2021-09-24,40,0,14900000,14900000,0,0,0,1,0,20,0,4078,293,0,0,0,0,2021-09-25
7382284701,2021-09-23,65589552,"[Mã ELSAMHOT giảm 5% đơn 3TR] Smart Tivi Samsung 55 Inch QLED 4K QA55Q60AAKXXV - Model 2021 - Miễn phí lắp đặt",8d22e988476f3ea9b8310c14a7bc985e,VND,1,100010,269025282,0,normal,180,259,31,,,1,0,0,0,2,3,2,"2, 1, 0, 0, 0, 1",2,1,https://shopee.vn/[Mã-ELSAMHOT-giảm-5%-đơn-3TR]-Smart-Tivi-Samsung-55-Inch-QLED-4K-QA55Q60AAKXXV---Model-2021---Miễn-phí-lắp-đặt-i.65589552.7382284701,2021-08-16,2021-09-23,38,0,20590000,17999000,31,21,0,5,0,112,3,15489,3358,2,0,2,0,2021-09-25
7393062337,2021-09-24,53452181,"Điện Thoại Xiaomi POCO M3 128GB - Hàng Chính Hãng",dc365b78268b886d66f467f5b168f785,VND,1,100013,268959746,0,normal,45,0,0,"Xanh, Đen, Vàng","Màu Sắc",3,0,0,0,17,4.8,122,"122, 3, 1, 1, 3, 114",77,62,https://shopee.vn/Điện-Thoại-Xiaomi-POCO-M3-128GB---Hàng-Chính-Hãng-i.53452181.7393062337,2021-08-16,2021-09-24,40,0,4490000,3390000,24,0,0,361,39,367,46,35857,3248,122,19,122,19,2021-09-25
7456183680,2021-09-04,65589552,"[Nhập ELSAMHOT giảm 5%] Smart Tivi Samsung Crystal UHD 4K 50 inch UA50TU6900KXXV - Model 2020 - Miễn phí lắp đặt",72b577688bd07779cfabe5037e23ea1d,VND,1,100010,268959746,0,normal,114,134,15,,,1,0,0,0,1,4.9,149,"149, 2, 1, 1, 5, 140",76,58,https://shopee.vn/[Nhập-ELSAMHOT-giảm-5%]-Smart-Tivi-Samsung-Crystal-UHD-4K-50-inch-UA50TU6900KXXV---Model-2020---Miễn-phí-lắp-đặt-i.65589552.7456183680,2021-08-21,2021-09-04,15,0,11390000,11390000,15,15,0,372,0,437,0,3164,0,149,0,149,0,2021-09-25
7468442521,2021-09-24,230954155,"VinFast - Xe máy điện Klara S Xanh Rêu",d3189631efd53f0189296742c31bc4bf,VND,1,100641,0,0,normal,399,0,0,,,1,0,0,0,294,3.7,3,"3, 1, 0, 0, 0, 2",2,2,https://shopee.vn/VinFast---Xe-máy-điện-Klara-S-Xanh-Rêu-i.230954155.7468442521,2021-08-16,2021-09-24,40,0,39900000,39900000,0,0,0,6,0,21,0,484,42,3,0,3,0,2021-09-25
7654763931,2021-09-24,53452181,"Robot Hút Bụi Mi Robot Vacuum-Mop Essential",eb1ac687c9fdfdaac642fe8b895c507e,VND,1,100010,268959746,0,normal,60,0,0,,,1,0,0,0,11,4.2,10,"10, 2, 0, 0, 0, 8",5,3,https://shopee.vn/Robot-Hút-Bụi-Mi-Robot-Vacuum-Mop-Essential-i.53452181.7654763931,2021-08-16,2021-09-24,40,0,5990000,4399000,27,0,0,27,0,143,2,1549,324,10,0,10,0,2021-09-25
7656183611,2021-09-15,65589552," [Mã SAM20 - 599K và ELSSCP1TR - 5%] Smart Tivi Samsung UHD 4K 65 inch UA65TU6900KXXV - Model 2020 - Miễn phí lắp đặt",a0bfb17d53086f00536f4504d55f7c63,VND,1,100010,268959744,0,normal,166,249,33,,,1,0,0,0,1,4.9,34,"34, 0, 1, 1, 0, 32",10,7,https://shopee.vn/-[Mã-SAM20---599K-và-ELSSCP1TR---5%]-Smart-Tivi-Samsung-UHD-4K-65-inch-UA65TU6900KXXV---Model-2020---Miễn-phí-lắp-đặt-i.65589552.7656183611,2021-08-21,2021-09-15,26,0,16590000,16590000,33,33,0,80,0,323,0,5925,0,34,0,34,0,2021-09-25
7743986580,2021-09-24,88201679,"[Mã ELAP1TR giảm 5% đơn 3TR] Apple AirPods Pro",5b0ee8b80d604dd93e2b77278b770928,VND,1,100013,268959746,0,normal,49,74,34,,,1,0,0,0,861,4.9,3730,"3730, 66, 25, 41, 122, 3476",1865,1544,https://shopee.vn/[Mã-ELAP1TR-giảm-5%-đơn-3TR]-Apple-AirPods-Pro-i.88201679.7743986580,2021-08-16,2021-09-24,40,0,4900000,4850000,34,34,0,9927,304,6619,120,184689,21531,3729,135,3730,135,2021-09-25
7772206842,2021-09-24,53452181,"Đồng hồ thông minh Xiaomi Mi Watch Lite - GPS/1.4" LCD Touch/Bluetooth 5.1",4e430fb83acd0a05f1c17bf82267852e,VND,1,100013,268435456,0,normal,20,0,0,"Black, White, Blue, Green, Pink",Color,5,0,0,0,3,4.9,671,"671, 9, 1, 9, 32, 620",332,269,"https://shopee.vn/Đồng-hồ-thông-minh-Xiaomi-Mi-Watch-Lite---GPS/1.4"-LCD-Touch/Bluetooth-5.1-i.53452181.7772206842",2021-08-18,2021-09-24,13,0,1990000,1099000,45,0,0,1486,3,1721,21,21985,2744,671,2,671,2,2021-09-25
7773953870,2021-09-24,88201679,"[Mã ELAP1TR giảm 5% đơn 3TR] Apple Mac Mini (2020) M1 Chip, 8GB, 512GB SSD",0c57b9eeb62e29548f3d1ba1531064c9,VND,1,100644,268959746,0,normal,204,250,18,,,1,0,0,0,2,5,2,"2, 0, 0, 0, 0, 2",0,0,"https://shopee.vn/[Mã-ELAP1TR-giảm-5%-đơn-3TR]-Apple-Mac-Mini-(2020)-M1-Chip,-8GB,-512GB-SSD-i.88201679.7773953870",2021-08-16,2021-09-24,40,0,21850000,20346000,19,13,0,2,1,108,5,25141,4471,2,1,2,2,2021-09-25
7776963031,2021-08-17,88201679,"Apple iPad Air 4 10.9-inch Wi-Fi 256GB",74a8326d4b2d1c617bab5a49f450341b,VND,1,100013,268959746,0,normal,215,0,0,"Green, Sky Blue, Gray, Rose Gold, Silver","Màu Sắc",5,0,0,0,1,4.7,31,"31, 2, 0, 0, 2, 27",20,17,https://shopee.vn/Apple-iPad-Air-4-10.9-inch-Wi-Fi-256GB-i.88201679.7776963031,2021-08-16,2021-08-17,2,0,21490000,21490000,0,0,0,67,0,824,0,13990,0,31,0,31,0,2021-09-25
7920741913,2021-09-24,230954155,"Xe máy điện VinFast Ludo",c71e0a97e0236c7ca7f1350ebad34f47,VND,1,100641,0,0,normal,129,0,0,"Blue, Dark Blue, Grey, Red, White","Màu sắc",5,0,0,0,1000,4.7,23,"23, 1, 1, 0, 0, 21",14,10,https://shopee.vn/Xe-máy-điện-VinFast-Ludo-i.230954155.7920741913,2021-08-16,2021-09-24,40,0,12900000,12900000,0,0,0,68,0,226,-2,4718,287,23,0,23,0,2021-09-25
7920742618,2021-09-24,230954155,"Xe máy điện VinFast Klara S - Tinh hoa thiết kế ý",adf1db7a58e09aa0a8a8827095e765c3,VND,1,100641,0,0,normal,399,0,0,"Ghi xám, Đen mờ, Đỏ, Trắng, Ghi xám., Xám, Xanh, Đen bóng","Màu sắc",8,0,0,0,2399,4,36,"36, 7, 2, 0, 3, 24",21,12,https://shopee.vn/Xe-máy-điện-VinFast-Klara-S---Tinh-hoa-thiết-kế-ý-i.230954155.7920742618,2021-08-16,2021-09-24,40,0,39900000,39900000,0,0,0,111,0,234,-1,2179,235,36,0,36,0,2021-09-25
7957497677,2021-09-24,88201679,"[Mã ELAP1TR giảm 5% đơn 3TR] Apple Watch SE 40mm GPS Sport Band",4e19c33584684be04e886b9652fc2b89,VND,1,100013,268959746,0,normal,70,90,23,"Sliver Aluminum , Space Gray Aluminum",Color,2,0,0,0,81,4.9,199,"199, 0, 0, 4, 3, 192",125,109,https://shopee.vn/[Mã-ELAP1TR-giảm-5%-đơn-3TR]-Apple-Watch-SE-40mm-GPS-Sport-Band-i.88201679.7957497677,2021-08-16,2021-09-24,40,0,7000000,6490000,28,22,0,431,48,909,36,55729,3773,199,19,199,19,2021-09-25
8089279844,2021-09-24,88201679,"[Mã ELAP1TR giảm 5% đơn 3TR] Apple MacBook Pro (2020) M1 Chip, 13.3-inch, 16GB, 256GB SSD",8d66ed192a6850c997fac0e4f7a3cca7,VND,1,100644,268959744,0,normal,375,400,6,"Silver, Space Gray",Name,2,0,0,0,3,0,0,"0, 0, 0, 0, 0, 0",0,0,"https://shopee.vn/[Mã-ELAP1TR-giảm-5%-đơn-3TR]-Apple-MacBook-Pro-(2020)-M1-Chip,-13.3-inch,-16GB,-256GB-SSD-i.88201679.8089279844",2021-09-09,2021-09-24,15,0,39990000,37500000,6,0,0,0,0,69,23,8434,3321,0,0,0,0,2021-09-25
8282357712,2021-09-24,88201679,"[Mã ELAP1TR giảm 5% đơn 3TR] Apple Watch Nike Series 5 40mm GPS + Cellular",f903abc3cff07aec005a600b1a9208dc,VND,1,100013,268959746,0,normal,91,116,21,"Space Gray Aluminum",Color,1,0,0,0,1,0,0,"0, 0, 0, 0, 0, 0",0,0,https://shopee.vn/[Mã-ELAP1TR-giảm-5%-đơn-3TR]-Apple-Watch-Nike-Series-5-40mm-GPS-+-Cellular-i.88201679.8282357712,2021-08-16,2021-09-24,27,3,11590000,8690000,25,0,0,2,1,47,6,8187,913,0,0,0,0,2021-09-25
8353766833,2021-09-08,88201679,"Apple iPad Pro M1 (2021) 11-inch Wi-Fi 128GB",1a21408af75c502d4fdfa7be311059c3,VND,1,100013,268959746,0,normal,200,220,9,"Silver, Space Gray",Color,2,0,0,0,116,4.7,12,"12, 1, 0, 0, 0, 11",9,5,https://shopee.vn/Apple-iPad-Pro-M1-(2021)-11-inch-Wi-Fi-128GB-i.88201679.8353766833,2021-08-18,2021-09-08,6,2,21990000,19990000,9,0,0,32,0,258,0,12911,0,12,0,12,0,2021-09-25
8407312736,2021-09-24,65589552,"[Mã ELSAMSEP giảm 5% đơn 500K] Điện Thoại Samsung Galaxy A12 (4GB/128GB) - Hàng Chính Hãng",a32f5b85bc709eb6f0bc4265e4d55139,VND,1,100013,269025282,0,normal,35,43,19,"Đen, Trắng, Xanh",Màu,3,0,0,0,1483,4.9,183,"183, 1, 1, 2, 5, 174",84,78,https://shopee.vn/[Mã-ELSAMSEP-giảm-5%-đơn-500K]-Điện-Thoại-Samsung-Galaxy-A12-(4GB/128GB)---Hàng-Chính-Hãng-i.65589552.8407312736,2021-08-16,2021-09-24,40,0,4290000,3490000,19,0,1,499,197,832,105,77368,3562,183,78,183,78,2021-09-25
8407857496,2021-09-24,88201679,"[Mã ELAP1TR giảm 5% đơn 3TR] Apple MacBook Pro (2020) M1 Chip, 13 inch, 8GB, 256GB SSD",42c51761d53b623a5bc6fcf8772d9e94,VND,1,100644,268959746,0,normal,315,370,15,"Silver, Space Gray",Color,2,0,0,0,3,4.8,293,"293, 8, 2, 3, 7, 273",160,130,"https://shopee.vn/[Mã-ELAP1TR-giảm-5%-đơn-3TR]-Apple-MacBook-Pro-(2020)-M1-Chip,-13-inch,-8GB,-256GB-SSD-i.88201679.8407857496",2021-08-16,2021-09-24,38,0,31490000,30490000,18,15,0,840,118,2166,111,174839,36885,293,40,293,40,2021-09-25
8466835969,2021-09-24,65589552,"[Mã ELSAMHOT giảm 5% đơn 3TR] Miễn phí công lắp đặt_Máy giặt Samsung cửa trước Digital Inverter 8,5kg (WW85T4040CX)",59f3e1b4a6e25c92462aff8dbfdde9f9,VND,1,100010,269025282,0,normal,63,147,57,,,1,0,0,0,2,4.5,14,"14, 1, 0, 1, 1, 11",11,7,"https://shopee.vn/[Mã-ELSAMHOT-giảm-5%-đơn-3TR]-Miễn-phí-công-lắp-đặt_Máy-giặt-Samsung-cửa-trước-Digital-Inverter-8,5kg-(WW85T4040CX)-i.65589552.8466835969",2021-08-16,2021-09-24,40,0,14690000,6290000,57,0,3,42,0,442,22,72267,22026,14,0,14,0,2021-09-25
8582382819,2021-09-09,88201679,"Apple iPhone 12 | 12 Pro Silicone Case with MagSafe - Deep Navy",f03873e815e3ba3a28e181a7ba980c91,VND,1,100013,268959746,0,normal,18,0,0,"Deep Navy",Color,1,0,0,0,1,0,0,"0, 0, 0, 0, 0, 0",0,0,https://shopee.vn/Apple-iPhone-12-|-12-Pro-Silicone-Case-with-MagSafe---Deep-Navy-i.88201679.8582382819,2021-08-16,2021-09-09,11,0,1790000,1790000,0,0,0,0,0,2,0,2099,0,0,0,0,0,2021-09-25
8633795913,2021-09-24,65589552,"[Mã ELSAMHOT giảm 5% đơn 3TR] Màn hình thông minh Samsung LS32AM500NEXXV 32" FHD - Hàng chính hãng",2b29fb7bffd6f29098cf49502a539fdc,VND,1,100644,269025282,0,normal,77,87,11,,,1,0,0,0,44,3.9,7,"7, 2, 0, 0, 0, 5",3,1,"https://shopee.vn/[Mã-ELSAMHOT-giảm-5%-đơn-3TR]-Màn-hình-thông-minh-Samsung-LS32AM500NEXXV-32"-FHD---Hàng-chính-hãng-i.65589552.8633795913",2021-08-21,2021-09-24,21,0,7659000,7149000,17,11,1,19,0,88,2,6733,2595,7,0,7,0,2021-09-25
8643121306,2021-09-24,65589552,"Điện Thoại Samsung Galaxy M12 (4GB/64GB) - Hãng Phân Phối Chính Thức",bb2ef3e2b34b615ee229e9a00bb56055,VND,1,100013,268959746,0,normal,39,39,18,"Đen, Xanh dương","Màu Sắc",2,0,0,0,1,4.9,248,"248, 3, 2, 3, 12, 228",121,101,https://shopee.vn/Điện-Thoại-Samsung-Galaxy-M12-(4GB/64GB)---Hãng-Phân-Phối-Chính-Thức-i.65589552.8643121306,2021-08-16,2021-09-24,6,0,3890000,3190000,18,18,0,730,0,660,4,12570,747,249,0,249,0,2021-09-25
8682372010,2021-09-24,88201679,"Apple iPad Magic Keyboard for iPad Pro 11-inch (3rd generation) and iPad Air (4th generation)",e66149f5615ff5d759295b61ac0b28ea,VND,1,100013,268959744,0,normal,75,88,15,Black,Color,1,0,0,0,5,0,0,"0, 0, 0, 0, 0, 0",0,0,https://shopee.vn/Apple-iPad-Magic-Keyboard-for-iPad-Pro-11-inch-(3rd-generation)-and-iPad-Air-(4th-generation)-i.88201679.8682372010,2021-09-21,2021-09-24,4,0,7490000,7490000,15,15,0,0,0,21,14,3586,2557,0,0,0,0,2021-09-25
8682382499,2021-08-16,88201679,"Apple USB-C to Lightning Cable (1m)",dac80df0b6b00794d856bfa5094c53a3,VND,1,100013,268959746,0,normal,6,0,0,V1,N1,1,0,0,0,3,0,0,"0, 0, 0, 0, 0, 0",0,0,https://shopee.vn/Apple-USB-C-to-Lightning-Cable-(1m)-i.88201679.8682382499,2021-08-16,2021-08-16,1,0,590000,590000,0,0,0,0,0,20,0,3888,0,0,0,0,0,2021-09-25
8746191269,2021-09-24,65589552,"[Mã ELSAMHOT giảm 5% đơn 3TR] Smart Tivi Samsung Crystal UHD 4K 50 inch UA50AU9000KXXV - Miễn phí lắp đặt",75eaff13e30cce40b80ca61fccd76e35,VND,1,100010,269025282,0,normal,157,194,19,,,1,0,0,0,3,5,5,"5, 0, 0, 0, 0, 5",3,2,https://shopee.vn/[Mã-ELSAMHOT-giảm-5%-đơn-3TR]-Smart-Tivi-Samsung-Crystal-UHD-4K-50-inch-UA50AU9000KXXV---Miễn-phí-lắp-đặt-i.65589552.8746191269,2021-08-16,2021-09-24,40,0,16990000,14999000,23,12,0,13,1,99,2,6173,353,5,1,5,1,2021-09-25
8782382442,2021-08-22,88201679,"Apple iPhone 12 Pro Max Silicone Case with MagSafe - White",c84af154b61ccf0acd6a994c0e6c47e4,VND,1,100013,268959746,0,normal,18,0,0,White,Color,1,0,0,0,1,0,0,"0, 0, 0, 0, 0, 0",0,0,https://shopee.vn/Apple-iPhone-12-Pro-Max-Silicone-Case-with-MagSafe---White-i.88201679.8782382442,2021-08-16,2021-08-22,6,0,1790000,1790000,0,0,0,0,0,7,0,2194,0,0,0,0,0,2021-09-25
8840893153,2021-09-09,53452181,"Máy Hút Bụi Xiaomi Vacuum Cleaner Mini",8a00b58ab27e1780349994aea77ace62,VND,1,100010,268435458,0,normal,10,15,33,,,1,0,0,0,1,0,0,"0, 0, 0, 0, 0, 0",0,0,https://shopee.vn/Máy-Hút-Bụi-Xiaomi-Vacuum-Cleaner-Mini-i.53452181.8840893153,2021-08-16,2021-09-09,25,0,1490000,999000,33,0,0,4,0,59,0,3253,0,0,0,0,0,2021-09-25
8846181802,2021-09-24,65589552,"[Mã ELSAMHOT giảm 5% đơn 3TR] Smart Tivi Samsung 4K UHD 55 Inch UA55AU7000KXXV - Miễn phí lắp đặt",57e5d7072ad9e823442176b5f1f45eed,VND,1,100010,269025280,0,normal,165,199,17,,,1,0,0,0,3,0,0,"0, 0, 0, 0, 0, 0",0,0,https://shopee.vn/[Mã-ELSAMHOT-giảm-5%-đơn-3TR]-Smart-Tivi-Samsung-4K-UHD-55-Inch-UA55AU7000KXXV---Miễn-phí-lắp-đặt-i.65589552.8846181802,2021-08-16,2021-09-24,40,0,16990000,15880000,20,15,1,1,0,76,-1,1767,159,0,0,0,0,2021-09-25
8862219069,2021-09-01,53452181,"SẠC ĐIỆN (CAR CHARGER) XIAOMI MI 20W WIRELESS(GDS4127GL)",ad90042f4b280832a41c8f7cdf75222a,VND,1,100013,268435458,0,normal,10,0,0,,,1,0,0,0,4,5,1,"1, 0, 0, 0, 0, 1",1,0,https://shopee.vn/SẠC-ĐIỆN-(CAR-CHARGER)-XIAOMI-MI-20W-WIRELESS(GDS4127GL)-i.53452181.8862219069,2021-08-16,2021-09-01,17,0,990000,749000,24,0,0,1,0,5,0,645,0,1,0,1,0,2021-09-25
8910955015,2021-09-24,53452181,"Pin sạc dự phòng Xiaomi 10000mAh Wireless Essential/ Trắng (White) (VXN4294GL)",91e0eb642daca960f50395ed2ee3245f,VND,1,100013,268435458,0,normal,7,7,4,,,1,0,0,0,3,4.8,11,"11, 0, 0, 0, 2, 9",3,1,https://shopee.vn/Pin-sạc-dự-phòng-Xiaomi-10000mAh-Wireless-Essential/-Trắng-(White)-(VXN4294GL)-i.53452181.8910955015,2021-08-16,2021-09-24,39,0,690000,539000,22,0,0,22,0,81,0,1523,229,11,0,11,0,2021-09-25
8920871826,2021-09-24,65589552,"[Mã ELSAMHOT giảm 5% đơn 3TR] Smart Tivi Samsung Màn Hình Cong Crystal UHD 4K 65 inch UA65TU8300KXXV - Miễn phí lắp đặt",dbf7ae8077e5c4f636c3765f1babfffb,VND,1,100010,269025280,0,normal,180,349,49,,,1,0,0,0,2,5,16,"16, 0, 0, 0, 0, 16",5,7,https://shopee.vn/[Mã-ELSAMHOT-giảm-5%-đơn-3TR]-Smart-Tivi-Samsung-Màn-Hình-Cong-Crystal-UHD-4K-65-inch-UA65TU8300KXXV---Miễn-phí-lắp-đặt-i.65589552.8920871826,2021-08-16,2021-09-24,39,0,18990000,17150000,51,46,2,49,0,193,8,10135,622,18,0,16,0,2021-09-25
8974606662,2021-09-24,65589552,"[Mã ELSAMHOT giảm 5% đơn 3TR] Smart Tivi Samsung Crystal UHD 4K 43 inch UA43AU9000KXXV - Miễn Phí Lắp Đặt",3f513ee935f70bf11f6f747c234e2257,VND,1,100010,269025282,0,normal,130,175,26,,,1,0,0,0,3,5,2,"2, 0, 0, 0, 0, 2",1,1,https://shopee.vn/[Mã-ELSAMHOT-giảm-5%-đơn-3TR]-Smart-Tivi-Samsung-Crystal-UHD-4K-43-inch-UA43AU9000KXXV---Miễn-Phí-Lắp-Đặt-i.65589552.8974606662,2021-08-16,2021-09-24,39,0,13999000,12720000,27,20,0,3,0,19,1,2726,223,2,0,2,0,2021-09-25
9127481857,2021-09-24,65589552,"[Mã ELSAMHOT giảm 5% đơn 3TR] Smart Tivi Samsung 50 Inch QLED 4K QA50Q60AAKXXV - Model 2021 - Miễn phí lắp đặt",bf962bf69f1697b512d8c34b4a460cb7,VND,1,100010,269025282,0,normal,160,219,27,,,1,0,0,0,5,5,3,"3, 0, 0, 0, 0, 3",1,1,https://shopee.vn/[Mã-ELSAMHOT-giảm-5%-đơn-3TR]-Smart-Tivi-Samsung-50-Inch-QLED-4K-QA50Q60AAKXXV---Model-2021---Miễn-phí-lắp-đặt-i.65589552.9127481857,2021-08-16,2021-09-24,40,0,17990000,15999000,27,18,0,9,1,95,2,5266,1476,3,1,3,1,2021-09-25
9138653296,2021-09-08,65589552,"[CL Gift] Bộ Bàn Phím Và Chuột Không Dây Logitech MK240 2016 - Hàng Chính Hãng",140d9642b052803e7f5bceb06747c3b5,VND,1,100644,268435456,0,normal,4,0,0,,,1,0,0,0,1,4.6,13,"13, 1, 0, 0, 1, 11",6,4,https://shopee.vn/[CL-Gift]-Bộ-Bàn-Phím-Và-Chuột-Không-Dây-Logitech-MK240-2016---Hàng-Chính-Hãng-i.65589552.9138653296,2021-08-16,2021-09-08,12,0,415000,415000,0,0,0,28,0,166,0,3251,0,13,0,13,0,2021-09-25
9146183365,2021-09-24,65589552,"[Mã ELSAMHOT giảm 5% đơn 3TR] Smart Tivi Samsung 4K UHD 43 Inch UA43AU7000KXXV - Miễn phí lắp đặt",3f95c7f3eb1077c39ef57ab18da222b3,VND,1,100010,269025282,0,normal,124,139,11,,,1,0,0,0,3,4.7,12,"12, 1, 0, 0, 0, 11",6,6,https://shopee.vn/[Mã-ELSAMHOT-giảm-5%-đơn-3TR]-Smart-Tivi-Samsung-4K-UHD-43-Inch-UA43AU7000KXXV---Miễn-phí-lắp-đặt-i.65589552.9146183365,2021-08-16,2021-09-24,40,0,12490000,11390000,18,10,0,20,0,93,3,2923,186,12,0,12,0,2021-09-25
9153753594,2021-09-24,88201679,"Apple AirTag - 4 pack",f99f0a8cafc02c651e244d105fe4911a,VND,1,100535,268435456,0,normal,24,28,14,,,1,0,0,0,7,4.9,11,"11, 0, 0, 0, 1, 10",4,2,https://shopee.vn/Apple-AirTag---4-pack-i.88201679.9153753594,2021-08-16,2021-09-24,39,0,2790000,1990000,29,0,0,35,17,131,22,15256,3265,11,5,11,5,2021-09-25
9182382403,2021-09-24,88201679,"Apple iPhone 12 | 12 Pro Clear Case with MagSafe",dd7a96398f5f4a9bfe1a0d3e7150a36b,VND,1,100013,268959744,0,normal,13,18,30,V1,N1,1,0,0,0,5,0,0,"0, 0, 0, 0, 0, 0",0,0,https://shopee.vn/Apple-iPhone-12-|-12-Pro-Clear-Case-with-MagSafe-i.88201679.9182382403,2021-09-22,2021-09-24,3,0,1790000,1250000,30,0,0,0,0,1,0,869,775,0,0,0,0,2021-09-25
9227482746,2021-09-24,65589552,"[Mã ELSAMHOT giảm 5% đơn 3TR] Smart Tivi Samsung 43 Inch QLED 4K QA43Q60AAKXXV - Model 2021 - Miễn phí lắp đặt",8912a0a158ee3209dd943f3de0511e20,VND,1,100010,269025282,0,normal,134,169,21,,,1,0,0,0,3,4.7,9,"9, 0, 0, 1, 1, 7",6,6,https://shopee.vn/[Mã-ELSAMHOT-giảm-5%-đơn-3TR]-Smart-Tivi-Samsung-43-Inch-QLED-4K-QA43Q60AAKXXV---Model-2021---Miễn-phí-lắp-đặt-i.65589552.9227482746,2021-08-16,2021-09-24,40,0,14598000,13360000,21,14,0,17,3,115,4,4238,598,9,2,9,2,2021-09-25
9269358811,2021-09-21,65589552,"[Mã ELSSCP1TR giảm 5% đơn 3TR] Miễn phí công lắp đặt_Máy giặt Samsung cửa trên Digital Inverter 11kg (WA11T5260BV)",ae22dc4c3226de8e802024a4bbe5a7a2,VND,1,100010,269025282,0,normal,65,153,58,,,1,0,0,0,1,5,2,"2, 0, 0, 0, 0, 2",2,2,https://shopee.vn/[Mã-ELSSCP1TR-giảm-5%-đơn-3TR]-Miễn-phí-công-lắp-đặt_Máy-giặt-Samsung-cửa-trên-Digital-Inverter-11kg-(WA11T5260BV)-i.65589552.9269358811,2021-09-20,2021-09-21,2,0,15275000,6490000,58,0,0,3,0,57,0,584,7,2,0,2,0,2021-09-25
9281294613,2021-09-24,88201679,"[Mã ELAP1TR giảm 5% đơn 3TR] Apple TV HD 2021 32GB MHY93",961c85609c0610f6ad0a7f1ca3a49d82,VND,1,100010,268435456,0,normal,37,50,26,MHY93ZA/A,MHY93ZA/A,1,0,0,0,1,5,1,"1, 0, 0, 0, 0, 1",0,0,https://shopee.vn/[Mã-ELAP1TR-giảm-5%-đơn-3TR]-Apple-TV-HD-2021-32GB-MHY93-i.88201679.9281294613,2021-08-16,2021-09-24,40,0,4990000,3190000,36,0,0,4,4,56,10,5886,800,1,1,1,1,2021-09-25
9282382208,2021-09-07,88201679,"Apple iPhone 12 Pro Max Silicone Case with MagSafe - Deep Navy",f03873e815e3ba3a28e181a7ba980c91,VND,1,100013,268959746,0,normal,18,0,0,"Deep Navy",Color,1,0,0,0,1,0,0,"0, 0, 0, 0, 0, 0",0,0,https://shopee.vn/Apple-iPhone-12-Pro-Max-Silicone-Case-with-MagSafe---Deep-Navy-i.88201679.9282382208,2021-08-18,2021-09-07,8,0,1790000,1790000,0,0,0,0,0,1,0,942,0,0,0,0,0,2021-09-25
9310935432,2021-09-24,65589552,"[Mã ELSAMSEP giảm 5% đơn 500K] Tai Nghe Bluetooth True Wireless Samsung Galaxy Buds Live - Hàng Chính Hãng",076cd3c3e70dda6ae9b4aece25b1513a,VND,1,100535,268500994,0,normal,19,45,59,"Xanh Huyền Bí, Đỏ Huyền Bí, Đồng Huyền Bí",Màu,3,0,0,0,964,4.9,2566,"2566, 32, 13, 43, 99, 2379",1363,1135,https://shopee.vn/[Mã-ELSAMSEP-giảm-5%-đơn-500K]-Tai-Nghe-Bluetooth-True-Wireless-Samsung-Galaxy-Buds-Live---Hàng-Chính-Hãng-i.65589552.9310935432,2021-08-16,2021-09-24,40,0,4490000,1499000,67,0,3,5592,223,3576,23,100009,9618,2566,109,2566,109,2021-09-25
9342556615,2021-09-24,65589552,"[Mã ELSAMSEP giảm 5% đơn 500K] Điện Thoại Samsung Galaxy A32 (128GB/8GB) - Hàng Chính Hãng",588035fc43e2f775d4ae89569027c0b3,VND,1,100013,269025282,0,normal,66,80,18,"Tím Thời Thượng, Xanh Sáng Tạo, Đen Cá Tính, Trắng Năng Động","Màu Sắc",4,0,0,0,155,5,190,"190, 1, 0, 0, 5, 184",106,86,https://shopee.vn/[Mã-ELSAMSEP-giảm-5%-đơn-500K]-Điện-Thoại-Samsung-Galaxy-A32-(128GB/8GB)---Hàng-Chính-Hãng-i.65589552.9342556615,2021-08-16,2021-09-24,40,0,7990000,5190000,35,0,2,480,227,528,58,81427,10190,190,91,190,91,2021-09-25
9354196124,2021-09-24,65589552,"[Mã ELSAMHOT giảm 5% đơn 3TR] Màn hình Samsung LF27T350FHEXXV 27 inch FHD 75Hz - Hàng Chính Hãng",4a3eae85bb4fe9d313276256380c9a27,VND,1,100644,269025280,0,normal,46,59,22,,,1,0,0,0,6,5,3,"3, 0, 0, 0, 0, 3",1,1,https://shopee.vn/[Mã-ELSAMHOT-giảm-5%-đơn-3TR]-Màn-hình-Samsung-LF27T350FHEXXV-27-inch-FHD-75Hz---Hàng-Chính-Hãng-i.65589552.9354196124,2021-08-16,2021-09-24,40,0,4590000,4194000,29,22,0,6,0,99,1,6065,934,3,0,3,0,2021-09-25
9447070756,2021-09-24,53452181,"Vòng Đeo Tay Thông Minh Mi Band 6",9d3c39e7a2f9470dcf951489955ab521,VND,1,100013,268435458,0,normal,13,0,0,,,1,0,0,0,1,4.8,82,"82, 2, 1, 0, 2, 77",52,42,https://shopee.vn/Vòng-Đeo-Tay-Thông-Minh-Mi-Band-6-i.53452181.9447070756,2021-08-16,2021-09-24,38,0,1290000,990000,23,0,1,177,10,275,27,12655,1105,82,6,82,6,2021-09-25
9453752636,2021-09-17,88201679,"[Mã ELAP300K giảm 5% đơn 500K] Apple AirTag - 1 pack",f99f0a8cafc02c651e244d105fe4911a,VND,1,100535,268435458,0,normal,8,0,0,,,1,0,0,0,1,4.9,37,"37, 1, 0, 0, 0, 36",16,16,https://shopee.vn/[Mã-ELAP300K-giảm-5%-đơn-500K]-Apple-AirTag---1-pack-i.88201679.9453752636,2021-08-16,2021-09-17,14,1,790000,590000,25,0,0,101,0,352,0,20542,0,37,0,37,0,2021-09-25
9462227072,2021-09-24,53452181,"Thiết Bị Đo Nhiệt Độ Và Độ Ẩm Xiaomi Mi Temperature And Humidity Monitor 2 (NUN4126GL)",1c44386ecb070d9809a4ee786d7ad1d0,VND,1,100636,268435458,0,normal,2,0,0,,,1,0,0,0,20,3.4,9,"9, 2, 1, 1, 1, 4",6,3,https://shopee.vn/Thiết-Bị-Đo-Nhiệt-Độ-Và-Độ-Ẩm-Xiaomi-Mi-Temperature-And-Humidity-Monitor-2-(NUN4126GL)-i.53452181.9462227072,2021-08-16,2021-09-24,40,0,190000,166000,13,0,0,17,1,48,1,1743,147,9,0,9,0,2021-09-25
9471010543,2021-09-24,65589552,"[Mã ELSAMHOT giảm 5% đơn 3TR] Combo Tai Nghe Bluetooth True Wireless Samsung Galaxy Buds Pro và LANEIGE NEO Cushion",c50f70a18f4b2aa7f1637133b6429139,VND,1,100535,269025282,0,normal,31,56,45,,,1,0,0,0,249,5,72,"72, 0, 0, 0, 1, 71",43,44,https://shopee.vn/[Mã-ELSAMHOT-giảm-5%-đơn-3TR]-Combo-Tai-Nghe-Bluetooth-True-Wireless-Samsung-Galaxy-Buds-Pro-và-LANEIGE-NEO-Cushion-i.65589552.9471010543,2021-08-16,2021-09-24,40,0,5590000,2690000,52,0,2,141,64,679,88,66950,10836,72,34,72,34,2021-09-25
9482371638,2021-08-30,88201679,"Apple iPhone 12 | 12 Pro Silicone Case with MagSafe",c74812031032bb440a57049975e4157f,VND,1,100013,268959746,0,sold_out,18,0,0,"Cyprus Green",Color,1,0,0,0,0,0,0,"0, 0, 0, 0, 0, 0",0,0,https://shopee.vn/Apple-iPhone-12-|-12-Pro-Silicone-Case-with-MagSafe-i.88201679.9482371638,2021-08-16,2021-08-30,15,2,1790000,1790000,0,0,0,0,0,6,0,2465,0,0,0,0,0,2021-09-25
9507855881,2021-09-08,88201679,"Apple MacBook Air (2020) M1 Chip, 13.3-inch, 8GB, 512GB SSD",575e04c0e1d08b5f1b9f624a8d6b1419,VND,1,100644,268959746,0,normal,298,360,17,"Gold, Silver, Space Gray",Color,3,0,0,0,1,4.9,17,"17, 0, 0, 1, 0, 16",7,4,"https://shopee.vn/Apple-MacBook-Air-(2020)-M1-Chip,-13.3-inch,-8GB,-512GB-SSD-i.88201679.9507855881",2021-08-16,2021-09-08,7,0,35990000,29750000,18,17,0,59,0,366,0,20950,0,17,0,17,0,2021-09-25
9512629620,2021-08-19,65589552,"Điện thoại Samsung Galaxy M02 (32GB/2GB) - Hàng chính hãng",d28cd0fbecb26b02d76e0f6b61d8dddf,VND,1,100013,268435458,0,normal,24,0,0,"Xanh, Đen",Màu,2,0,0,0,1,4.9,920,"920, 8, 1, 11, 36, 864",409,325,https://shopee.vn/Điện-thoại-Samsung-Galaxy-M02-(32GB/2GB)---Hàng-chính-hãng-i.65589552.9512629620,2021-08-17,2021-08-19,3,0,2390000,2390000,0,0,0,4712,0,1489,0,5347,0,920,0,920,0,2021-09-25
9513746479,2021-09-24,65589552,"[Mã ELSAMHOT giảm 5% đơn 3TR] Màn Hình Samsung LS27R350FHEXXV 27inch FullHD 5ms 75Hz AMD FreeSync -Hàng Chính Hãng",a522ef289890534ec2541530bfb14e7b,VND,1,100644,269025280,0,normal,49,0,0,,,1,0,0,0,8,5,10,"10, 0, 0, 0, 0, 10",8,7,https://shopee.vn/[Mã-ELSAMHOT-giảm-5%-đơn-3TR]-Màn-Hình-Samsung-LS27R350FHEXXV-27inch-FullHD-5ms-75Hz-AMD-FreeSync--Hàng-Chính-Hãng-i.65589552.9513746479,2021-08-16,2021-09-24,40,0,4899000,4031000,18,0,0,28,0,67,8,8755,1667,10,0,10,0,2021-09-25
9537158575,2021-09-24,88201679,"[Mã ELAP1TR giảm 5% đơn 3TR] Apple AirPods Max",d24624c1a6a510b63e143a2925bbf159,VND,1,100013,268959746,0,normal,117,140,16,"Silver, Sky Blue, Pink, Space Grey, Green",Color,5,0,0,0,9,4.8,9,"9, 1, 0, 1, 0, 7",5,5,https://shopee.vn/[Mã-ELAP1TR-giảm-5%-đơn-3TR]-Apple-AirPods-Max-i.88201679.9537158575,2021-08-16,2021-09-24,28,0,12190000,11500000,18,13,0,23,0,278,14,6831,959,9,0,9,0,2021-09-25
9578319724,2021-09-24,65589552,"[Mã ELSAMHOT giảm 5% đơn 3TR] Smart Tivi Samsung Crystal UHD 4K 55 inch UA55AU7700KXXV - Miễn phí lắp đặt",ad609b21763cd8141af34be97ffbd5d7,VND,1,100010,269025280,0,normal,182,209,13,,,1,0,0,0,13,0,0,"0, 0, 0, 0, 0, 0",0,0,https://shopee.vn/[Mã-ELSAMHOT-giảm-5%-đơn-3TR]-Smart-Tivi-Samsung-Crystal-UHD-4K-55-inch-UA55AU7700KXXV---Miễn-phí-lắp-đặt-i.65589552.9578319724,2021-08-21,2021-09-24,35,0,20900000,16110000,23,0,0,0,0,8,1,5355,62,0,0,0,0,2021-09-25
9583140406,2021-09-24,65589552,"[Mã ELSAMHOT giảm 5% đơn 3TR] Đồng Hồ Samsung Galaxy Watch3 Bluetooth (45mm)",350e463c1ffa4fde032388a6e762aad9,VND,1,100013,269025282,0,normal,51,100,49,"Đen Huyền Bí",Màu,1,0,0,0,372,5,53,"53, 0, 0, 0, 2, 51",23,22,https://shopee.vn/[Mã-ELSAMHOT-giảm-5%-đơn-3TR]-Đồng-Hồ-Samsung-Galaxy-Watch3-Bluetooth-(45mm)-i.65589552.9583140406,2021-08-16,2021-09-24,39,0,5090000,4590000,54,49,2,100,34,121,14,32202,4645,53,20,53,20,2021-09-25
9589298635,2021-09-24,88201679,"[Mã ELAP1TR giảm 5% đơn 3TR] Apple MacBook Pro (2020) M1 Chip, 13.3-inch, 16GB, 512GB SSD",8d66ed192a6850c997fac0e4f7a3cca7,VND,1,100644,268959744,0,normal,419,427,2,"Silver, Space Gray",Name,2,0,0,0,1,0,0,"0, 0, 0, 0, 0, 0",0,0,"https://shopee.vn/[Mã-ELAP1TR-giảm-5%-đơn-3TR]-Apple-MacBook-Pro-(2020)-M1-Chip,-13.3-inch,-16GB,-512GB-SSD-i.88201679.9589298635",2021-08-18,2021-09-24,31,0,42690000,41900000,2,0,0,2,1,87,14,16923,3818,0,0,0,0,2021-09-25
9602704528,2021-09-24,230954155,"VinFast - Xe máy điện Impes Dark Blue",66f9f7d5f9866781102b9c86fed13091,VND,1,100641,0,0,normal,149,0,0,"Chưa gồm Pin, Đã gồm 1 Pin","Sản phẩm",2,0,0,0,200,5,3,"3, 0, 0, 0, 0, 3",1,1,https://shopee.vn/VinFast---Xe-máy-điện-Impes-Dark-Blue-i.230954155.9602704528,2021-08-16,2021-09-24,40,0,14900000,14900000,0,0,0,7,0,23,0,1743,106,4,0,3,0,2021-09-25
9680510313,2021-09-24,65589552,"[Mã ELSAMHOT giảm 5% đơn 3TR] Đồng Hồ Galaxy Watch3 Bluetooth (41mm)",ae1224186da14edd8c481d75aa54edf4,VND,1,100013,269025282,0,normal,48,95,50,"Đen, Mystic Bronze",Màu,2,0,0,0,74,5,8,"8, 0, 0, 0, 0, 8",4,4,https://shopee.vn/[Mã-ELSAMHOT-giảm-5%-đơn-3TR]-Đồng-Hồ-Galaxy-Watch3-Bluetooth-(41mm)-i.65589552.9680510313,2021-08-20,2021-09-24,36,0,4790000,4190000,56,50,5,11,7,89,18,23887,3960,8,7,8,7,2021-09-25
9708902289,2021-09-24,65589552,"[Mã ELSAMHOT giảm 5% đơn 3TR] Màn hình thông minh Samsung LS27AM500NEXXV 27 inch FHD - Hàng chính hãng",26ede191108f28ffacdb7721b48d9122,VND,1,100644,269025282,0,normal,61,76,20,,,1,0,0,0,208,4.6,10,"10, 0, 0, 1, 2, 7",7,5,https://shopee.vn/[Mã-ELSAMHOT-giảm-5%-đơn-3TR]-Màn-hình-thông-minh-Samsung-LS27AM500NEXXV-27-inch-FHD---Hàng-chính-hãng-i.65589552.9708902289,2021-08-16,2021-09-24,33,0,6731000,5490000,28,12,0,22,0,150,9,12743,2657,10,0,10,0,2021-09-25
9740888575,2021-09-24,53452181,"Máy Lọc Không Khí Xiaomi Mi Air Purifier Pro H",34a45bda4efe597647c1b5171215650d,VND,1,100010,268959744,0,normal,90,0,0,,,1,0,0,0,1,5,1,"1, 0, 0, 0, 0, 1",0,0,https://shopee.vn/Máy-Lọc-Không-Khí-Xiaomi-Mi-Air-Purifier-Pro-H-i.53452181.9740888575,2021-08-16,2021-09-24,38,0,8990000,6390000,29,0,0,4,0,30,1,724,101,1,0,1,0,2021-09-25
9754801058,2021-09-17,53452181," Camera IP Mi Home 360 Độ 2K Xiaomi, Trắng (BHR4457GL) - Hàng Chính Hãng",e49c9ab00b2b512010e7978c2292ea16,VND,1,100635,268435458,0,sold_out,11,14,23,,,1,0,0,0,0,4.6,23,"23, 1, 1, 1, 1, 19",14,11,"https://shopee.vn/-Camera-IP-Mi-Home-360-Độ-2K-Xiaomi,-Trắng-(BHR4457GL)---Hàng-Chính-Hãng-i.53452181.9754801058",2021-08-16,2021-09-17,32,1,1079000,799000,43,23,1,69,0,79,0,3037,0,23,0,23,0,2021-09-25
9769361771,2021-09-24,65589552,"[Mã ELSAMHOT giảm 5% đơn 3TR] Miễn phí công lắp đặt_Máy giặt Samsung cửa trên Digital Inverter 8.5kg (WA85T5160BY)",c85b96e5cdae7b686b779f5cac5097c1,VND,1,100010,269025280,0,normal,52,96,46,,,1,0,0,0,1,3,2,"2, 1, 0, 0, 0, 1",2,1,https://shopee.vn/[Mã-ELSAMHOT-giảm-5%-đơn-3TR]-Miễn-phí-công-lắp-đặt_Máy-giặt-Samsung-cửa-trên-Digital-Inverter-8.5kg-(WA85T5160BY)-i.65589552.9769361771,2021-08-16,2021-09-24,39,0,9579900,5150000,46,0,0,3,0,70,2,2858,412,3,0,2,0,2021-09-25
9806110860,2021-09-24,65589552,"[Mã ELSAMHOT giảm 5% đơn 3TR] Điện Thoại Samsung Galaxy S21 Ultra 5G (12GB/128GB) - Hàng Chính Hãng",883ba5c625dfe1263bf2cbd2faea805f,VND,1,100013,269025282,0,normal,203,310,35,"Silver, Black",Color,2,0,0,0,60,4.9,82,"82, 2, 0, 1, 1, 78",38,29,https://shopee.vn/[Mã-ELSAMHOT-giảm-5%-đơn-3TR]-Điện-Thoại-Samsung-Galaxy-S21-Ultra-5G-(12GB/128GB)---Hàng-Chính-Hãng-i.65589552.9806110860,2021-08-20,2021-09-24,36,0,30990000,19990000,35,0,4,176,21,597,41,48542,6772,82,9,82,9,2021-09-25
9874613460,2021-09-24,65589552,"[Mã ELSAMHOT giảm 5% đơn 3TR] Smart Tivi Samsung 4K UHD 50 Inch UA50AU7000KXXV - Miễn Phí Lắp Đặt",1e8cf473b3c946764d6694279af7bfe9,VND,1,100010,269025282,0,normal,145,174,17,,,1,0,0,0,3,0,0,"0, 0, 0, 0, 0, 0",0,0,https://shopee.vn/[Mã-ELSAMHOT-giảm-5%-đơn-3TR]-Smart-Tivi-Samsung-4K-UHD-50-Inch-UA50AU7000KXXV---Miễn-Phí-Lắp-Đặt-i.65589552.9874613460,2021-08-16,2021-09-24,40,0,15680000,14080000,19,10,0,0,0,11,3,4849,120,0,0,0,0,2021-09-25
9902822885,2021-09-24,230954155,"VinFast - Xe máy điện Klara S Xanh ngọc",d5799433c9703855de55d3168e3c605f,VND,1,100641,0,0,normal,399,0,0,,,1,0,0,0,298,5,2,"2, 0, 0, 0, 0, 2",0,0,https://shopee.vn/VinFast---Xe-máy-điện-Klara-S-Xanh-ngọc-i.230954155.9902822885,2021-08-16,2021-09-24,40,0,39900000,39900000,0,0,0,2,0,27,1,404,29,2,0,2,0,2021-09-25
9919008756,2021-09-20,88201679,"Apple 20W USB-C Power Adapter",b4d8f2c5ec5de05b98a68ba1fdc17d4c,VND,1,100013,268435458,0,normal,6,10,40,,,1,0,0,0,15,4.9,1479,"1479, 10, 2, 10, 34, 1423",788,713,https://shopee.vn/Apple-20W-USB-C-Power-Adapter-i.88201679.9919008756,2021-08-16,2021-09-20,35,0,990000,430000,57,0,1,3480,126,1414,14,57343,1986,1479,44,1479,44,2021-09-25
9969336679,2021-09-24,88201679,"Vòng Đeo AirTag - Hàng Chính Hãng",891c955c6fbce064aae7a2a34d8d618a,VND,1,100013,268435456,0,normal,7,8,13,"Sunflower, Electric Orange, Deep Navy, White",Color,4,0,0,0,14,5,2,"2, 0, 0, 0, 0, 2",0,0,https://shopee.vn/Vòng-Đeo-AirTag---Hàng-Chính-Hãng-i.88201679.9969336679,2021-08-16,2021-09-24,40,0,790000,690000,13,0,0,2,1,31,6,4843,699,2,1,2,1,2021-09-25
9980498489,2021-09-24,65589552,"[Mã ELSAMHOT giảm 5% đơn 3TR] Điện thoại Samsung Galaxy S20 FE (8GB/256GB) - Hàng Chính Hãng",ca05fd8edab5c4cb4de6799406b5d7e5,VND,1,100013,269025282,0,normal,120,160,25,"Cloud Mint, Cloud Navy",Màu,2,0,0,0,46,4.9,73,"73, 0, 1, 0, 1, 71",39,29,https://shopee.vn/[Mã-ELSAMHOT-giảm-5%-đơn-3TR]-Điện-thoại-Samsung-Galaxy-S20-FE-(8GB/256GB)---Hàng-Chính-Hãng-i.65589552.9980498489,2021-08-16,2021-09-24,40,0,15990000,10890000,32,0,6,147,68,421,62,64737,6033,73,30,73,30,2021-09-25
10009869231,2021-09-08,65589552,"Điện Thoại Samsung Galaxy A31 6GB/128GB - Hàng Chính Hãng",e53d45f3c65c0f262185b2ee230f75c8,VND,1,100013,268959746,0,normal,65,65,32,"Prism Crush Black, Prism Crush White, Prism Crush Blue","Màu Sắc",3,0,0,0,1,4.9,403,"403, 7, 3, 5, 7, 381",217,179,https://shopee.vn/Điện-Thoại-Samsung-Galaxy-A31-6GB/128GB---Hàng-Chính-Hãng-i.65589552.10009869231,2021-08-16,2021-09-08,7,0,6490000,4390000,32,28,0,1487,0,780,0,123326,0,403,0,403,0,2021-09-25
10118495212,2021-09-24,65589552,"[Mã ELSAMHOT giảm 5% đơn 3TR] Smart Tivi Samsung Crystal UHD 4K 43 inch UA43AU7700KXXV - Miễn phí lắp đặt",c503bf71f984b60b93b137815acfb0c3,VND,1,100010,269025282,0,normal,125,144,13,,,1,0,0,0,3,0,0,"0, 0, 0, 0, 0, 0",0,0,https://shopee.vn/[Mã-ELSAMHOT-giảm-5%-đơn-3TR]-Smart-Tivi-Samsung-Crystal-UHD-4K-43-inch-UA43AU7700KXXV---Miễn-phí-lắp-đặt-i.65589552.10118495212,2021-08-16,2021-09-24,40,0,12990000,12088000,16,10,0,0,0,11,4,1816,422,0,0,0,0,2021-09-25
10126341638,2021-09-24,65589552,"[Mã ELSSCP300 giảm 5% đơn 500K] Điện thoại Samsung Galaxy A02s (4GB/64GB)",d7004a98822f97a6cffb5d3b93d0b596,VND,1,100013,268959744,0,normal,32,42,24,"Xanh Dương, Đen",Name,2,0,0,0,189,0,0,"0, 0, 0, 0, 0, 0",0,0,https://shopee.vn/[Mã-ELSSCP300-giảm-5%-đơn-500K]-Điện-thoại-Samsung-Galaxy-A02s-(4GB/64GB)-i.65589552.10126341638,2021-09-18,2021-09-24,7,0,4190000,3050000,27,0,1,0,0,46,46,13755,13702,0,0,0,0,2021-09-25
10212919707,2021-09-24,65589552,"[Mã ELSAMHOT giảm 5% đơn 3TR] Miễn phí công lắp đặt_Máy giặt Samsung cửa trên Digital Inverter 10kg (WA10T5260BV)",745eacb96b6e1488a9d4fc58c4d07e64,VND,1,100010,269025280,0,normal,79,141,44,,,1,0,0,0,1,5,1,"1, 0, 0, 0, 0, 1",1,1,https://shopee.vn/[Mã-ELSAMHOT-giảm-5%-đơn-3TR]-Miễn-phí-công-lắp-đặt_Máy-giặt-Samsung-cửa-trên-Digital-Inverter-10kg-(WA10T5260BV)-i.65589552.10212919707,2021-08-16,2021-09-24,23,0,14105000,6390000,55,0,1,2,0,66,0,2272,0,1,0,1,0,2021-09-25
10214585155,2021-09-24,53452181,"Điện Thoại Xiaomi POCO M3 64GB - Hàng Chính Hãng",b00ff4037cb1c50ff8a4ebaaaaefbef0,VND,1,100013,268959746,0,normal,40,0,0,"Xanh , Đen, Vàng","Màu Sắc",3,0,0,0,31,4.9,386,"386, 3, 1, 1, 15, 366",181,131,https://shopee.vn/Điện-Thoại-Xiaomi-POCO-M3-64GB---Hàng-Chính-Hãng-i.53452181.10214585155,2021-08-16,2021-09-24,39,0,3990000,3090000,23,0,0,2024,71,916,49,236716,54827,386,20,386,20,2021-09-25
10316186489,2021-09-24,65589552,"[Mã ELSAMHOT giảm 5% đơn 3TR] Smart Tivi Samsung Crystal UHD 4K 55 inch UA55AU9000KXXV - Miễn Phí Lắp Đặt",cba5a09643da4714caeae58dd01a5693,VND,1,100010,269025280,0,normal,186,229,19,,,1,0,0,0,3,5,1,"1, 0, 0, 0, 0, 1",0,0,https://shopee.vn/[Mã-ELSAMHOT-giảm-5%-đơn-3TR]-Smart-Tivi-Samsung-Crystal-UHD-4K-55-inch-UA55AU9000KXXV---Miễn-Phí-Lắp-Đặt-i.65589552.10316186489,2021-08-16,2021-09-24,40,0,18890000,17888000,22,17,0,3,1,14,3,1882,205,1,0,1,0,2021-09-25
10527143024,2021-09-24,65589552,"Điện Thoại Samsung Galaxy Z Flip3 5G 256GB",26121dd5ea8d46316637d9337900e956,VND,1,100013,268959744,0,normal,270,0,0,"Black, Cream, Green, Lavender",Name,4,0,0,0,11,5,2,"2, 0, 0, 0, 0, 2",2,2,https://shopee.vn/Điện-Thoại-Samsung-Galaxy-Z-Flip3-5G-256GB-i.65589552.10527143024,2021-08-20,2021-09-24,36,0,26990000,26990000,0,0,0,2,2,324,98,42327,10310,2,2,2,2,2021-09-25
10542128441,2021-09-14,88201679,"Apple MacBook Air (2020) M1 Chip, 13.3-inch, 16GB, 256GB SSD",4fbe96b071a032379d57830855ac8a65,VND,1,100644,268959744,0,normal,310,340,9,"Gold, Silver, Space Gray",name,3,0,0,0,6,0,0,"0, 0, 0, 0, 0, 0",0,0,"https://shopee.vn/Apple-MacBook-Air-(2020)-M1-Chip,-13.3-inch,-16GB,-256GB-SSD-i.88201679.10542128441",2021-09-08,2021-09-14,7,0,33990000,29900000,12,0,0,0,0,33,0,7438,0,0,0,0,0,2021-09-25
10605234511,2021-09-21,65589552,"[Mã ELSSCP1TR giảm 5% đơn 3TR] Tai nghe Samsung Galaxy Buds Pro (R190) - Hàng chính hãng",22dfb0ed517a8080eaefac01fba475ed,VND,1,100535,269025282,0,normal,27,50,46,"Đen, Violet",Màu,2,0,0,0,1,4.9,96,"96, 1, 0, 1, 3, 91",52,45,https://shopee.vn/[Mã-ELSSCP1TR-giảm-5%-đơn-3TR]-Tai-nghe-Samsung-Galaxy-Buds-Pro-(R190)---Hàng-chính-hãng-i.65589552.10605234511,2021-08-16,2021-09-21,31,0,4990000,2690000,46,0,2,178,8,4276,-7,33591,1099,96,4,96,4,2021-09-25
10619843053,2021-09-24,65589552,"[Mã ELSAMSEP giảm 5% đơn 500K] Đồng Hồ Samsung Galaxy Watch Active 2 (40mm) Viền Nhôm Dây Silicone Hồng",bc2d68dc483203bc6227e56a0369eb16,VND,1,100013,269025282,0,normal,30,60,50,,,1,0,0,0,21,4.8,95,"95, 1, 1, 5, 1, 87",51,52,https://shopee.vn/[Mã-ELSAMSEP-giảm-5%-đơn-500K]-Đồng-Hồ-Samsung-Galaxy-Watch-Active-2-(40mm)-Viền-Nhôm-Dây-Silicone-Hồng-i.65589552.10619843053,2021-08-16,2021-09-24,39,0,5990000,2690000,55,0,8,199,47,854,45,90028,11790,95,25,95,25,2021-09-25
10708488096,2021-09-24,53452181,"ĐẦU SẠC (ADAPTER) XIAOMI MI 65W FAST CHARGER WITH GAN TECH EU /WHITE (TRẮNG)",e20440608fcd4c6adf9185e6a87fb175,VND,1,100013,268435458,0,normal,9,0,0,,,1,0,0,0,10,0,0,"0, 0, 0, 0, 0, 0",0,0,https://shopee.vn/ĐẦU-SẠC-(ADAPTER)-XIAOMI-MI-65W-FAST-CHARGER-WITH-GAN-TECH-EU-/WHITE-(TRẮNG)-i.53452181.10708488096,2021-08-16,2021-09-24,40,0,890000,669000,25,0,1,0,0,11,0,1543,250,0,0,0,0,2021-09-25
10719787386,2021-09-24,88201679,"Apple Pencil (2nd Generation)",f4061033a16d5161a5a068fce6e5e83f,VND,1,100013,268959746,0,normal,33,39,16,,,1,0,0,0,1,0,0,"0, 0, 0, 0, 0, 0",0,0,https://shopee.vn/Apple-Pencil-(2nd-Generation)-i.88201679.10719787386,2021-09-21,2021-09-24,2,0,3250000,3250000,16,16,0,0,0,24,8,957,385,0,0,0,0,2021-09-25
10903890409,2021-09-20,53452181,"Router Wifi 6 Xiaomi AX1800 (DVB4258GL) - Hàng Chính Hãng",01b4908ba3ad9423121efe85a83f065f,VND,1,100644,268435458,0,normal,12,15,20,,,1,0,0,0,1,5,4,"4, 0, 0, 0, 0, 4",3,2,https://shopee.vn/Router-Wifi-6-Xiaomi-AX1800-(DVB4258GL)---Hàng-Chính-Hãng-i.53452181.10903890409,2021-08-16,2021-09-20,36,0,1199000,799000,46,20,0,8,4,38,0,1595,43,4,3,4,3,2021-09-25
10919847886,2021-09-24,65589552,"[Mã ELSAMHOT giảm 5% đơn 3TR] Điện Thoại Samsung Galaxy A72 (8GB/128GB) - Hàng Chính Hãng",b86c9d8b0d1f630d47b6c4de9df3cfe0,VND,1,100013,269025282,0,normal,96,115,17,"Trắng, Tím, Xanh, Đen",Màu,4,0,0,0,500,5,35,"35, 0, 0, 0, 1, 34",21,15,https://shopee.vn/[Mã-ELSAMHOT-giảm-5%-đơn-3TR]-Điện-Thoại-Samsung-Galaxy-A72-(8GB/128GB)---Hàng-Chính-Hãng-i.65589552.10919847886,2021-08-16,2021-09-24,39,0,11490000,8790000,23,0,0,74,36,192,28,28456,1930,35,15,35,15,2021-09-25
10927145927,2021-09-24,65589552,"Điện Thoại Samsung Galaxy Z Flip3 5G 128GB",102cba0e65ed2c208edc75f64ad35399,VND,1,100013,268959744,0,normal,250,0,0,"Black, Cream, Green, Lavender",Name,4,0,0,0,4,0,0,"0, 0, 0, 0, 0, 0",0,0,https://shopee.vn/Điện-Thoại-Samsung-Galaxy-Z-Flip3-5G-128GB-i.65589552.10927145927,2021-08-20,2021-09-24,36,0,24990000,24990000,0,0,0,3,3,264,58,40422,5061,0,0,0,0,2021-09-25
11027142579,2021-09-22,65589552,"Điện Thoại Samsung Galaxy Z Fold3 5G 256GB",4dc1efe3e1ed2d1bf7e98ea3b17d1f5e,VND,1,100013,268959746,0,normal,420,0,0,"Đen Phantom, Bạc Phantom, Xanh Phantom",Name,3,0,0,0,50,0,0,"0, 0, 0, 0, 0, 0",0,0,https://shopee.vn/Điện-Thoại-Samsung-Galaxy-Z-Fold3-5G-256GB-i.65589552.11027142579,2021-08-20,2021-09-22,34,0,41990000,41990000,0,0,0,0,0,189,27,43125,4642,0,0,0,0,2021-09-25
11121460267,2021-09-02,88201679,"Apple MacBook Air (2020) M1 Chip, 13.3-inch, 16GB, 256GB SSD - Silver",068a2db558d53d223d25d976023db664,VND,1,100644,268959744,0,sold_out,310,340,9,Silver,Color,1,0,0,0,0,0,0,"0, 0, 0, 0, 0, 0",0,0,"https://shopee.vn/Apple-MacBook-Air-(2020)-M1-Chip,-13.3-inch,-16GB,-256GB-SSD---Silver-i.88201679.11121460267",2021-08-18,2021-09-02,16,1,33990000,30990000,9,0,0,0,0,18,0,3110,0,0,0,0,0,2021-09-25
11136627808,2021-09-24,65589552,"[Mã ELSAMHOT giảm 5% đơn 3TR] Đồng Hồ Samsung Galaxy Galaxy Watch4 Classic Bluetooth (46mm)",13139b669e77d4bf86368bd672bd9734,VND,1,100013,269025282,0,normal,90,0,0,"Chính hãng",Hàng,1,0,0,0,100,0,0,"0, 0, 0, 0, 0, 0",0,0,https://shopee.vn/[Mã-ELSAMHOT-giảm-5%-đơn-3TR]-Đồng-Hồ-Samsung-Galaxy-Galaxy-Watch4-Classic-Bluetooth-(46mm)-i.65589552.11136627808,2021-09-01,2021-09-24,19,0,8990000,8990000,0,0,0,0,0,13,2,4442,1534,0,0,0,0,2021-09-25
11308490000,2021-09-24,53452181,"Sạc Điện (Car USB Charger) Mi 37W Dual-Port Car Charger / Black (Đen - GDS4147GL)",7bd23d6582060539c4f9d9a586394cb9,VND,1,100640,268435458,0,normal,3,0,0,,,1,0,0,0,25,0,0,"0, 0, 0, 0, 0, 0",0,0,https://shopee.vn/Sạc-Điện-(Car-USB-Charger)-Mi-37W-Dual-Port-Car-Charger-/-Black-(Đen---GDS4147GL)-i.53452181.11308490000,2021-08-16,2021-09-24,40,0,290000,169000,42,0,0,3,0,4,0,385,169,0,0,0,0,2021-09-25
11435672716,2021-09-24,88201679,"Apple iPhone 12 Pro Max Silicone Case with MagSafe",77093637175c0f2982f5004e1e2b8888,VND,1,100013,268435456,0,normal,13,18,30,"Kumquat, Pink Citrus, Plum, Cypress Green, Deep Navy, White, (PRODUCT) RED, Black",màu,8,0,0,0,2,0,0,"0, 0, 0, 0, 0, 0",0,0,https://shopee.vn/Apple-iPhone-12-Pro-Max-Silicone-Case-with-MagSafe-i.88201679.11435672716,2021-09-22,2021-09-24,3,0,1790000,1250000,30,0,0,0,0,3,1,1782,993,0,0,0,0,2021-09-25
11611355685,2021-09-24,65589552,"[Mã ELSAMHOT giảm 5% đơn 3TR] Miễn phí công lắp đặt_Máy giặt Samsung AI Inverter 9Kg WW90T634DLN/SV",f8f7fcd0759c491eb5d205a76e6a1c81,VND,1,100010,269025282,0,normal,89,178,50,,,1,0,0,0,4,5,13,"13, 0, 0, 0, 0, 13",8,7,https://shopee.vn/[Mã-ELSAMHOT-giảm-5%-đơn-3TR]-Miễn-phí-công-lắp-đặt_Máy-giặt-Samsung-AI-Inverter-9Kg-WW90T634DLN/SV-i.65589552.11611355685,2021-08-16,2021-09-24,38,0,17819000,7790000,56,0,1,36,0,334,10,45925,18993,13,0,13,0,2021-09-25
11635668663,2021-09-24,88201679,"Apple iPhone 12 | 12 Pro Silicone Case with MagSafe",77093637175c0f2982f5004e1e2b8888,VND,1,100013,268435456,0,normal,13,18,30,"Kumquat, Pink Citrus, Plum, Cypress Green, Deep Navy, White, (PRODUCT) RED, Black",màu,8,0,0,0,3,0,0,"0, 0, 0, 0, 0, 0",0,0,https://shopee.vn/Apple-iPhone-12-|-12-Pro-Silicone-Case-with-MagSafe-i.88201679.11635668663,2021-09-22,2021-09-24,3,0,1790000,1250000,30,0,0,0,0,1,0,1341,770,0,0,0,0,2021-09-25
11703888714,2021-09-24,53452181,"[Mã 229ELSALE hoàn 7% xu đơn 300K] Bộ Phát Wifi Xiaomi Router 4A Giga Version, Trắng (DVB4224GL) - Hàng Chính Hãng",50f041702eaef6cd4db35c1754518a6c,VND,1,100644,268435458,0,normal,6,8,19,,,1,0,0,0,62,5,3,"3, 0, 0, 0, 0, 3",0,0,"https://shopee.vn/[Mã-229ELSALE-hoàn-7%-xu-đơn-300K]-Bộ-Phát-Wifi-Xiaomi-Router-4A-Giga-Version,-Trắng-(DVB4224GL)---Hàng-Chính-Hãng-i.53452181.11703888714",2021-08-16,2021-09-24,40,0,639000,499000,37,19,0,6,0,33,7,2345,822,3,0,3,0,2021-09-25
11710277453,2021-09-24,65589552,"[Mã ELSAMHOT giảm 5% đơn 3TR] Màn Hình Thông Minh Samsung FHD LS32AM501NEXXV 32inch - Hàng chính hãng",dd15c38816407337be216265fbfd2000,VND,1,100644,269025282,0,normal,75,88,15,,,1,0,0,0,2,0,0,"0, 0, 0, 0, 0, 0",0,0,https://shopee.vn/[Mã-ELSAMHOT-giảm-5%-đơn-3TR]-Màn-Hình-Thông-Minh-Samsung-FHD-LS32AM501NEXXV-32inch---Hàng-chính-hãng-i.65589552.11710277453,2021-08-16,2021-09-24,39,0,7950000,7398000,16,10,0,0,0,97,8,4020,194,0,0,0,0,2021-09-25
11721009313,2021-09-06,88201679,"Apple iPhone 12 Pro Max Silicone Case with MagSafe",c74812031032bb440a57049975e4157f,VND,1,100013,268959746,0,normal,18,0,0,"Cyprus Green",Color,1,0,0,0,1,0,0,"0, 0, 0, 0, 0, 0",0,0,https://shopee.vn/Apple-iPhone-12-Pro-Max-Silicone-Case-with-MagSafe-i.88201679.11721009313,2021-08-16,2021-09-06,14,2,1790000,1790000,0,0,0,0,0,10,0,7066,0,0,0,0,0,2021-09-25
11726338618,2021-09-24,65589552,"[Mã ELSAMHOT giảm 5% đơn 3TR] Máy tính bảng Samsung Galaxy Tab S7 FE",77c1538381be3f75b271ad620a4e8c42,VND,1,100013,269025280,0,normal,120,140,14,"Xanh Lá, Đen",Name,2,0,0,0,179,4.9,35,"35, 0, 2, 0, 0, 33",17,15,https://shopee.vn/[Mã-ELSAMHOT-giảm-5%-đơn-3TR]-Máy-tính-bảng-Samsung-Galaxy-Tab-S7-FE-i.65589552.11726338618,2021-08-30,2021-09-24,26,0,13990000,10350000,26,0,4,79,46,263,84,50462,12960,35,21,35,21,2021-09-25
11830583246,2021-08-19,65589552,"V - Đồng Hồ Samsung Galaxy Watch Active 2 (40mm) Viền Nhôm Dây Silicone Hồng",b4fc94e2116a450a4cfce4a090a59157,VND,1,100013,268437504,0,normal,29,0,0,Virtual,Variations,1,0,0,0,429,0,0,"0, 0, 0, 0, 0, 0",0,0,https://shopee.vn/V---Đồng-Hồ-Samsung-Galaxy-Watch-Active-2-(40mm)-Viền-Nhôm-Dây-Silicone-Hồng-i.65589552.11830583246,2021-08-18,2021-08-19,2,0,2850000,2850000,0,0,0,0,0,2,0,163,0,0,0,0,0,2021-09-25
11836631263,2021-09-24,65589552,"[Mã ELSAMHOT giảm 5% đơn 3TR] Đồng Hồ Samsung Galaxy Galaxy Watch4 Bluetooth (40mm)",0a534d65ec73eef35b380006234a9f97,VND,1,100013,269025282,0,normal,65,0,0,"Chính hãng",Hàng,1,0,0,0,349,0,0,"0, 0, 0, 0, 0, 0",0,0,https://shopee.vn/[Mã-ELSAMHOT-giảm-5%-đơn-3TR]-Đồng-Hồ-Samsung-Galaxy-Galaxy-Watch4-Bluetooth-(40mm)-i.65589552.11836631263,2021-09-07,2021-09-24,13,0,6490000,6490000,0,0,0,0,0,26,7,4239,1898,0,0,0,0,2021-09-25
11913337230,2021-09-24,53452181,"Tai nghe Xiaomi True Wireless Earbuds Basic 2",6a3d7b294289603d4d684eb50fc0a4b8,VND,1,100535,268435458,0,normal,7,0,0,,,1,0,0,0,25,4.5,15,"15, 1, 0, 1, 1, 12",8,6,https://shopee.vn/Tai-nghe-Xiaomi-True-Wireless-Earbuds-Basic-2-i.53452181.11913337230,2021-08-16,2021-09-24,40,0,690000,299000,57,0,0,40,8,77,8,6090,911,15,3,15,3,2021-09-25
12310963116,2021-09-24,65589552,"Tai nghe Bluetooth True Wireless Samsung Galaxy Buds 2 R177N",d8e9a7c917ebfc2aa1e8c677df9c025b,VND,1,100535,268435456,0,normal,30,0,0,"Đen, Xanh, Tím","Phân Loại",3,0,0,0,69,0,0,"0, 0, 0, 0, 0, 0",0,0,https://shopee.vn/Tai-nghe-Bluetooth-True-Wireless-Samsung-Galaxy-Buds-2-R177N-i.65589552.12310963116,2021-09-24,2021-09-24,1,0,2990000,2990000,0,0,0,0,0,2,0,92,0,0,0,0,0,2021-09-25
13608640489,2021-09-24,65589552,"Điện Thoại Samsung Galaxy M22 (6GB/128GB) - Hãng Phân Phối Chính Thức",09d72b80a07d66c58220b7dd1f2afdb1,VND,1,100013,268959744,0,normal,51,0,0,"Đen, Xanh, Trắng","Phân Loại",3,0,0,0,2454,0,0,"0, 0, 0, 0, 0, 0",0,0,https://shopee.vn/Điện-Thoại-Samsung-Galaxy-M22-(6GB/128GB)---Hãng-Phân-Phối-Chính-Thức-i.65589552.13608640489,2021-09-23,2021-09-24,2,0,5090000,5090000,0,0,0,0,0,15,4,15086,7122,0,0,0,0,2021-09-25
